date,torque_pct,water_temp_c,days_since_clean,actual_speed_knots,predicted_speed,efficiency_loss
2024-01-01,79.36350297118406,17.776993932579295,0,19.75307748412036,19.205547431674034,0.0
2024-01-02,93.7678576602479,23.12851421067537,1,23.336147865447312,22.80731660215999,0.0
2024-01-03,88.29984854528513,28.094187538146123,2,21.97285188505053,21.17507760102745,0.0
2024-01-04,84.96646210492591,25.98337329614342,3,21.14333850881025,20.746927010591353,0.0
2024-01-05,73.90046601106091,27.098417217921742,4,18.34968762764518,18.253968205423334,0.0
2024-01-06,73.89986300840506,24.88175050066076,5,18.116461429439894,17.99047244606477,0.0
2024-01-07,71.45209030420499,25.384148467767787,6,17.6392221651407,17.114136994123374,0.0
2024-01-08,91.65440364437336,27.73793477347979,7,22.372774809936978,21.92482030698966,0.0
2024-01-09,85.02787529358022,18.745020132887788,8,20.830680706778026,20.605981822308635,0.0
2024-01-10,87.70181444490115,22.34137445464711,9,21.247515333035032,20.921272907896547,0.0
2024-01-11,70.51461235739507,18.318141627294036,10,16.806958562883548,16.856700094368385,0.2950846322611834
2024-01-12,94.24774630404984,29.815020119949708,11,22.562603532246097,21.900362259809597,0.0
2024-01-13,90.81106602001054,29.1608900952992,12,21.564255456976117,21.15761793858107,0.0
2024-01-14,75.3084777669569,15.591402170527587,13,18.068183886258574,18.031033879326408,0.0
2024-01-15,74.54562418017751,25.58362758773533,14,17.302952748749135,17.455942216124807,0.8764320222963915
2024-01-16,74.58511274633585,28.878724761234988,15,17.020169807454813,16.81249274381001,0.0
2024-01-17,77.60605607398844,17.708630176910003,16,18.111907101486217,18.33709801483736,1.228061894902508
2024-01-18,83.11891079080594,23.51917845828944,17,19.078297460775115,18.977065792899523,0.0
2024-01-19,80.7986254660529,28.73232446382063,18,18.08486611597248,18.03998034277108,0.0
2024-01-20,77.28072850495104,15.509189678786983,19,17.91029636430614,18.092362073359624,1.006312544018604
2024-01-21,85.29632236805949,25.4613040087026,20,19.07610812286166,19.679168073848256,3.0644585620873235
2024-01-22,73.48734651630105,19.46023511058826,21,16.363440439458852,16.92012801897441,3.290090824911503
2024-01-23,77.30361621338045,28.865942930647957,22,16.39389503141882,16.646304088709098,1.5163068987877255
2024-01-24,79.15904608234229,29.56587367748052,23,16.524959545430736,16.48458506799029,0.0
2024-01-25,81.40174960542589,29.16399733670151,24,16.75995242769522,17.31064401031683,3.1812310523710607
2024-01-26,89.62939903482534,22.11321324986196,25,19.75967203791931,20.06407414907495,1.517150050851845
2024-01-27,74.991844553959,27.930639764839704,26,14.97161117392069,15.392231815296848,2.732681305891865
2024-01-28,82.8558609603403,27.668240978026056,27,16.751193266853605,17.500640813367585,4.282400596105756
2024-01-29,84.81036422155105,19.786507098648837,28,18.291038057643075,19.059387420529987,4.031343431632425
2024-01-30,71.16126031799995,27.43373211226016,29,13.620858922163182,15.008220515656562,9.24401125400634
2024-01-31,85.18862129753596,15.555114520732388,30,18.63960701021176,20.383838614505226,8.55693393810656
2024-02-01,74.26310309218229,23.9440481772308,31,14.439184395595175,17.0316196838577,15.221307992918565
2024-02-02,71.62628982463198,18.450132559315545,32,14.609623361491474,17.071139378020547,14.419166536114906
2024-02-03,93.72213843133332,16.80850328665918,33,20.31344766444277,22.91338753285168,11.346815762973897
2024-02-04,94.14080082686398,16.154298024438138,34,20.350216583276943,22.569801729488788,9.834313889039729
2024-02-05,90.20993370291151,25.44433163817209,35,17.247206281852034,21.15045804579082,18.454691408990918
2024-02-06,77.61534422933427,20.098124456520992,36,14.979882152660162,18.49459115608741,19.00398323901525
2024-02-07,72.4418028501596,25.87150157293142,37,12.296367687140526,17.693161131926775,30.502143763603094
2024-02-08,87.10582566280392,15.980345111984136,38,17.92588291363993,20.836500076363876,13.968839066334546
2024-02-09,81.00381234349004,19.729355067459156,39,15.153636504190075,18.458783796022328,17.905552870414336
2024-02-10,73.05095587111947,23.092369385630057,40,12.464436241912903,16.831761708478496,25.946930227545245
2024-02-11,82.37942275278175,26.860847472584453,41,13.633522089226668,18.131342071361924,24.806878412158298
2024-02-12,70.85971302788046,19.781287543981048,42,12.094344412782098,16.677190383065742,27.47972449206511
2024-02-13,92.73301005196956,24.38837064655514,43,16.205494069946297,22.52271506867082,28.04822144871779
2024-02-14,76.46949954000043,28.28966622354281,44,10.922583980007015,16.233254836592916,32.71476305919017
2024-02-15,86.56305710884955,24.23794782273457,45,14.529824463675345,20.34192275717631,28.572020270062957
2024-02-16,77.79277690223527,18.494392121304507,46,13.680260366942392,18.390621558602128,25.612843897907773
2024-02-17,83.00170052944527,15.36601172334807,47,15.72645359707199,19.95108508179982,21.174945961118226
2024-02-18,83.667756983582,28.05148310851395,48,11.570023559236605,18.095827496550676,36.06247870432001
2024-02-19,74.62136138813818,15.319041162755807,49,13.538396870124124,18.324397362305334,26.11818766835068
2024-02-20,94.23961569411397,28.12052509026299,50,13.553200514690332,22.255362205403,39.1014156965732
2024-02-21,89.37832058402786,22.934057010408186,51,13.911782682828417,19.986135815013796,30.39283425474504
2024-02-22,93.48747353910473,29.086015477693444,52,12.416997531366633,22.184954201817288,44.02964541459594
2024-02-23,92.37068376069122,26.981748536604982,53,12.586543078721776,21.95022020329096,42.65869334269961
2024-02-24,84.94749947027712,29.969011658000063,54,9.356918460634216,20.10229370126387,53.45347849511358
2024-02-25,93.04685587557792,20.26067723177565,55,15.160035603880887,22.467305031223283,32.52401397135674
2024-02-26,72.21231255129798,26.5078243339669,56,6.97686803176885,17.645389926704194,60.460675220272734
2024-02-27,74.89957156047863,21.028963704138636,57,9.650041464147847,16.925484468219693,42.98513887583339
2024-02-28,71.13068222276345,22.198134304558632,58,7.948244083052574,15.92972774858983,50.10433192270855
2024-02-29,78.13325826908161,24.41258194827555,59,8.313516084837785,17.152284282877623,51.53114332919024
2024-03-01,79.71693224223705,28.10515671279508,60,6.955447571329387,17.9146313828995,61.17448680541234
2024-03-02,76.7837257943474,29.76125203798943,61,5.009136374744296,16.07022870315073,68.82971320898373
2024-03-03,90.71843772879824,26.52410120796777,62,9.712800571557782,22.232205600484416,56.312024339383804
2024-03-04,78.91883316733973,21.266501732510008,63,9.414768703756272,17.225404717928665,45.34370101645782
2024-03-05,77.02336274218452,21.32035503415605,64,8.369694198894798,17.2987398185007,51.61674037120578
2024-03-06,83.5674020789562,26.06373452383337,65,7.158055949795352,18.554266001610067,61.42096944619527
2024-03-07,73.52310562436907,18.58165718652453,66,8.374906270534776,17.671744210174722,52.60849087147368
2024-03-08,90.054924518851,16.65711169697092,67,13.493505228819702,20.89688833210304,35.42816033480842
2024-03-09,71.86376609199426,20.319332364611647,68,6.583358076992105,17.25013842944721,61.8359116135912
2024-03-10,94.67217341501294,19.308584874811224,69,12.457364076181769,22.06808171167076,43.55030836416715
2024-03-11,89.30611923241644,19.44462180683985,70,11.030476243762644,20.282339059988104,45.61536412965816
2024-03-12,74.96789203835431,18.50411626574865,71,7.604948290676525,18.28402441420587,58.406595187174325
2024-03-13,70.13805292809006,15.631397844545427,72,8.171992762822601,16.384025088836424,50.122190862666905
2024-03-14,90.38653571137084,15.268109021001209,73,13.18173174628158,21.117878806175213,37.58022826408576
2024-03-15,87.67143359619043,29.81583584604047,74,2.8931978733089303,20.731669049116572,86.04454920414514
2024-03-16,88.22517920102469,21.416597006037936,75,8.27390863404773,20.79234253868537,60.20694340402656
2024-03-17,89.28175866714864,20.764899707395223,76,8.569386109451353,20.00848941678038,57.171249008610694
2024-03-18,71.85111629335226,25.194709240396048,77,1.0246903630418478,17.53592634308386,94.15662256447614
2024-03-19,78.96164321360682,18.273808317975963,78,7.200471480975993,18.37115346143444,60.80555586184858
2024-03-20,72.89672648812824,29.24941775925338,79,-2.398440462831685,16.309404854109616,114.7058736004541
2024-03-21,91.57758564688984,26.79517521623328,80,3.656974787685835,21.98251631641783,83.36416661747411
2024-03-22,85.58245317068895,16.341165034683893,81,9.585900064145797,19.93426997490406,51.9124599184529
2024-03-23,78.27245062131622,21.263711636773927,82,3.745445058461257,17.5148705163139,78.61562804605016
2024-03-24,71.58895875715059,28.18677461343247,83,-3.4570054048934944,16.069279598159547,121.51313245734696
2024-03-25,77.77455804289156,29.170980334371155,84,-3.1098146275704868,16.48281469633256,118.86701200531256
2024-03-26,78.12958305066867,22.011022668748048,85,2.32556949540116,17.560773287922615,86.75702113300122
2024-03-27,88.2401544584516,24.20117083816061,86,2.965102513759306,20.621136067837234,85.62105160450412
2024-03-28,85.93893678388032,17.50550919138113,87,7.172575686699895,20.227656825229925,64.54074859647831
2024-03-29,92.18031856440815,29.86752939205465,88,-1.6085373931076214,19.304394998014413,108.33249316165086
2024-03-30,81.80537312904873,18.47507552075165,89,5.080442602831545,18.89105163073919,73.1066184025206
2024-03-31,72.98985614845755,29.140976612026883,90,-6.641502122649681,16.60130955689757,140.00589290794983
2024-04-01,87.83111968057487,24.74469973488553,91,0.5225225147657758,20.770688054471957,97.48432736847505
2024-04-02,89.01962621542243,24.116051923182887,92,0.8678671473283065,19.971395982202957,95.65444925281294
2024-04-03,84.0319299392374,22.69032766524763,93,0.7007767985086458,20.06111722327078,96.50679076987922
2024-04-04,89.27417949886403,18.46004717576638,94,5.476011462362991,20.223895744928097,72.92306323455853
2024-04-05,82.34488990910977,17.647920480082625,95,4.3437835812192045,19.195054817359743,77.37029863915394
2024-04-06,83.06832073454986,18.30729313605263,96,3.6659045149177936,19.79651817673273,81.48207436181171
2024-04-07,80.68852545896374,17.796573932163817,97,3.429322905290616,19.429165797009464,82.34961325092786
2024-04-08,70.63547816860238,26.6937671035013,98,-8.180138743987863,16.94139158693881,148.28492808285273
2024-04-09,72.69728567483261,20.25187888750095,99,-1.741960369793186,17.49467821824638,109.95708722425302
2024-04-10,70.78572964216836,15.867640148450946,100,1.8482306922488787,16.08462647333447,88.50933408175237
2024-04-11,85.9102602815945,29.53653945211217,101,-8.538444883860246,20.260977829310484,142.14231393861024
2024-04-12,77.85889952690816,28.256788274451385,102,-9.610143151374276,16.760870518402463,157.33677818716453
2024-04-13,82.71426727911756,28.9162842479282,103,-9.578201350888085,17.78831555077163,153.8454657134334
2024-04-14,92.68916184815232,29.923617339696527,104,-8.547734056673326,21.50260837506219,139.7520798759774
2024-04-15,76.23230572872187,17.60842873829231,105,0.2444024392863746,17.71077932051242,98.62003565815249
2024-04-16,80.25957307589074,20.94363028353988,106,-2.892315335698815,18.58701418255216,115.56094651508828
2024-04-17,88.88877846357622,26.37357713556137,107,-6.854530669387367,20.551734326290514,133.35256558186822
2024-04-18,75.71995413729056,25.440309270806885,108,-9.491712483755755,17.3496943919343,154.70824021066537
2024-04-19,71.92449774571982,17.308438595097826,109,-1.7275714657283052,17.052872524267826,110.13067718221556
2024-04-20,77.2437863228442,27.237496874859268,110,-12.324859405984986,18.15149129264423,167.89998247130004
2024-04-21,74.03053218135011,18.36660857754991,111,-3.0321185265556707,18.3522994430139,116.52173634138198
2024-04-22,93.24244130856432,18.357264222339342,112,1.6815071458487751,22.893322248043155,92.6550322070773
2024-04-23,90.20300948911044,23.054616343401204,113,-5.144888906684424,20.73340230960646,124.81449416674191
2024-04-24,85.83509391276058,23.894099022625547,114,-7.724741558044136,20.013377967482935,138.59788972453845
2024-04-25,91.78651475469294,23.701293117567168,115,-6.333174855544359,21.979358670355563,128.81419312787395
2024-04-26,90.09180192247786,16.37230256096632,116,2.152141448636762,20.88834964863731,89.69692922208836
2024-04-27,74.6642514721509,28.161912939455704,117,-16.919530387686617,16.58863794094111,201.9946932829781
2024-04-28,92.31397496224945,18.98400063883059,118,-1.2792452199163291,21.663515993255757,105.90506739679091
2024-04-29,83.48355604789127,16.94272381924206,119,-1.1597657224539115,19.634213129568074,105.9068612263731
2024-04-30,90.18600387910156,28.331221198034655,120,-14.735032281526076,21.110793153920753,169.79857257892485
2024-05-01,92.40228249808732,29.3347724734463,121,-16.036252556085046,21.435533726270165,174.8115384523033
2024-05-02,77.9500868742966,27.93191425898176,122,-17.990146093250946,16.15764434497343,211.34139178430175
2024-05-03,72.75129811319192,27.14274112087317,123,-18.870797556686018,17.73924801293178,206.3787909325657
2024-05-04,75.69837906354854,24.828629709585325,124,-15.23719938141342,17.45046477417535,187.31686851093326
2024-05-05,80.6776947156564,23.26286055913709,125,-12.189280691724464,18.46160351804204,166.02503774827684
2024-05-06,90.45036914806232,16.304801398671152,126,-0.3482152874067874,21.60818402171671,101.61149723205256
2024-05-07,91.5182645814086,21.12679819606048,127,-7.400635254292354,21.771676349071086,133.9920322883548
2024-05-08,70.17380326327977,20.59032775518471,128,-12.234155838597925,17.0667610281468,171.6841105258411
2024-05-09,82.76868256443915,18.896306756404893,129,-6.996330608616764,19.2565196344276,136.33226949333272
2024-05-10,80.43527507871947,25.851301705328773,130,-18.29907600100424,18.049329850734075,201.38368655421303
2024-05-11,75.55269526176825,22.43813602618156,131,-14.722313131930482,16.550225873031028,188.95536075988443
2024-05-12,72.99663418334207,16.21569323861472,132,-6.460890769174527,17.877900641228056,136.1389790604112
2024-05-13,78.4403792850907,18.30274802924717,133,-8.34445635101798,18.288947599751335,145.62567805230867
2024-05-14,93.57274259781298,25.24888145489394,134,-15.81838519604136,22.306180683943083,170.91480796364255
2024-05-15,78.08007330051888,16.141962892354503,135,-5.77947485944377,18.501743920351604,131.2374600163309
2024-05-16,82.96976554358415,27.76810371073153,136,-23.26996755690078,17.672842581169185,231.67076801609414
2024-05-17,87.57547397237944,22.427197905209617,137,-14.095018124950926,20.95229212811241,167.27196260326647
2024-05-18,79.09074005948236,22.20879865989972,138,-16.17206060767687,17.259051480668788,193.70190839160878
2024-05-19,94.29455206802402,23.88611676989277,139,-15.61808206959618,22.27621773980496,170.11101369191826
2024-05-20,94.06118237355278,27.37021448887724,140,-21.736399003955185,22.197324434025578,197.92350906326413
2024-05-21,76.2945573956341,20.21713811853289,141,-14.910153798806029,17.341835764980576,185.97794374754147
2024-05-22,82.43121264730964,25.170242288385957,142,-21.970762433707407,18.19193136786512,220.77201694217777
2024-05-23,77.52195774541924,23.485979459936864,143,-20.58737732877333,17.476848793984466,217.79799420053064
2024-05-24,77.12101235943669,19.00542405254132,144,-13.661152805392788,18.165171080940343,175.20519759776246
2024-05-25,70.92217368386332,28.17944979532737,145,-31.539430009957403,15.988225776055254,297.26660388541916
2024-05-26,85.23910834949743,26.961390324103924,146,-26.202087072193383,20.159580115632142,229.97337703415636
2024-05-27,82.56697558072153,24.876777519876384,147,-23.67768795483622,18.38474997753987,228.78982843804013
2024-05-28,71.28696878124974,27.75872593641363,148,-32.12271724715113,14.51084396687482,321.3704269750297
2024-05-29,76.96616160591529,28.009413014397037,149,-31.65241108642603,15.882648816750798,299.28924609252516
2024-05-30,92.70664714916634,25.62544465072552,150,-23.836813935509905,22.17230129033395,207.50717132777555
2024-05-31,75.9890472666743,27.55519992545508,151,-32.02096699640901,16.083718625712127,299.08932593000543
2024-06-01,73.62237180228058,25.46207192503925,152,-29.268886010408824,17.74017809265092,264.9864271798591
2024-06-02,82.23631900693907,25.202111576404505,153,-27.16018033404296,18.191844216458293,249.29866379061752
2024-06-03,94.641261352765,24.279170673227764,154,-22.672101296999053,22.270162024645586,201.8048331750288
2024-06-04,76.0513817877875,26.290749593364616,155,-31.531331242517748,17.12481276288292,284.1265751580079
2024-06-05,86.80338868514696,17.379076579396106,156,-12.174493320481956,20.737833914525726,158.7066777111875
2024-06-06,89.04049038321794,28.213061387983927,157,-33.33818774905574,20.22887894947442,264.8049198985489
2024-06-07,75.94093859981,28.07765291617848,158,-36.66709596049802,16.32581667683705,324.59578400461294
2024-06-08,88.20540871529649,15.438709245518387,159,-8.913965828116215,20.671622753838857,143.12175166055036
2024-06-09,79.19457831798132,27.38725125847144,160,-35.84652178507892,17.6304121458449,303.322086225461
2024-06-10,85.80764576483949,16.93304801210168,161,-13.05520951540587,19.770859169840374,166.03258565172044
2024-06-11,85.83824276902237,20.026782813887127,162,-19.887663715113,19.534108604092836,201.80993726504667
2024-06-12,83.39436710186897,26.15262384437412,163,-33.58524052249824,18.491791485216183,281.62242716909805
2024-06-13,72.2572442513602,17.411398440724625,164,-18.470340839299677,17.193922166071985,207.4236620411508
2024-06-14,90.88256238973096,27.26950536178593,165,-35.05702731634321,21.653878440316497,261.89722045853887
2024-06-15,78.0195016242934,27.482012669366128,166,-39.20161950945592,17.6760276271886,321.77844669781723
2024-06-16,74.66296275999636,22.612016006412546,167,-30.177152736751957,16.689702084082477,280.81301023061945
2024-06-17,71.01937853886909,15.095788075752504,168,-15.065359206240418,16.176613007468987,193.13049152677704
2024-06-18,84.77232357970604,19.30557199762369,169,-21.247215451611133,19.632031920896033,208.2272865958206
2024-06-19,86.93910904605706,24.25390377563613,170,-31.95081835248841,20.52049674472005,255.70197325125378
2024-06-20,70.4146957231964,29.717792670411352,171,-48.78719597448842,15.478180492710084,415.1998130365919
2024-06-21,82.80232645748202,24.477202905250024,172,-34.60762939036087,18.31447425540236,288.9632697490751
2024-06-22,75.66239437994845,18.8970537159624,173,-23.975288010920696,17.493705812149482,237.0509385968393
2024-06-23,86.12931976023624,24.51008554649417,174,-34.77724702875936,20.083051321768963,273.16714712102873
2024-06-24,74.35916072512478,23.099780695737834,175,-34.80614471731198,16.865761576762154,306.37161600379966
2024-06-25,87.27344345256165,26.697680927267157,176,-40.48142845301389,21.423716538165078,288.9561429778005
2024-06-26,79.66838365751343,16.604709582404375,177,-19.00038455530541,18.721751054142192,201.48828760919545
2024-06-27,93.41824971841837,26.41541853753042,178,-39.39954813153526,22.328977007333155,276.45030544209834
2024-06-28,73.43802360364982,23.11899868014165,179,-37.042116530518335,16.741832573077392,321.25484990266784
2024-06-29,78.52665877625647,29.44488005788492,180,-51.47829093718398,16.196582582325657,417.83427569071944
2024-06-30,72.83683803101472,20.12808249058029,181,-30.835121956162272,17.395013322456265,277.2641468250867
2024-07-01,93.11734045696409,24.489328397009224,182,-36.76966735126684,22.44880205316533,263.7934499319185
2024-07-02,91.93348383452452,28.980421582650266,183,-48.921557515402185,21.20023778442921,330.7594754967006
2024-07-03,76.4485406928789,16.53764591986019,184,-22.26950108100325,17.760523084439736,225.3876418792749
2024-07-04,86.49960115085447,29.05842730854677,185,-51.600788286919126,20.053754078683117,357.31236198697627
2024-07-05,90.4305550050304,25.318285834512203,186,-41.52227162846296,21.952262116541956,289.1480313419462
2024-07-06,83.88002028998656,16.01755588657758,187,-19.818811905980507,19.919770344810445,199.49317468483648
2024-07-07,83.24126445890016,19.514453504202244,188,-29.503045512717748,19.291784365471617,252.930620381193
2024-07-08,76.04630727251129,25.622581329679225,189,-47.58098161160879,17.069223883942776,378.7530466242745
2024-07-09,72.32756919514748,16.010259022031576,190,-23.841478754624173,16.956220442443733,240.60609105402816
2024-07-10,92.43039394883316,23.7325569026441,191,-39.42239191004224,22.661378553428673,273.9629026411441
2024-07-11,92.51045142908326,20.18824585429435,192,-30.674538190414463,23.0661819940004,232.98489623637332
2024-07-12,85.8275364318317,24.31373276651216,193,-43.71027292598016,19.790545848214798,320.8644130445904
2024-07-13,78.47574477621751,15.686130507187691,194,-22.66915219948187,17.835337113973136,227.10245987849413
2024-07-14,78.73023936531652,28.073052092285643,195,-56.71100418636867,16.67763204170319,440.04230363495356
2024-07-15,88.14889197175599,29.60233453766095,196,-59.17262481674279,20.65929028386161,386.4213823597153
2024-07-16,92.42775649881445,29.53316782928537,197,-58.45295570961689,21.27935640689832,374.69325007718595
2024-07-17,92.17716060662794,26.24477747614387,198,-50.34679030261848,21.2297491901454,337.1520730258503
2024-07-18,89.4968886464406,16.95129360195948,199,-25.144347554408508,20.32910779863757,223.68642934784208
2024-07-19,86.05079115385719,26.373947938935338,0,21.447290220151555,21.124504075062294,0.0
2024-07-20,72.10349912487622,15.368803746882024,1,17.82744268778653,17.45410174845266,0.0
2024-07-21,74.04071785236535,15.33185327293496,2,18.51793469337404,18.33634324573946,0.0
2024-07-22,92.463854713177,19.85415328724312,3,23.15016432610625,23.066128587229088,0.0
2024-07-23,85.16072649148975,22.329647856069982,4,21.09779958856111,20.84987499341041,0.0
2024-07-24,70.22992629041575,26.556111267116897,5,17.355862677267623,17.15840892880297,0.0
2024-07-25,72.5367885716508,25.249430649097576,6,17.924335640395086,17.777816988095854,0.0
2024-07-26,86.5875442277014,21.688540595651222,7,21.3767001092716,20.84604381494286,0.0
2024-07-27,70.12653959615547,19.104399994224988,8,17.26334812681067,17.051187175980054,0.0
2024-07-28,74.02020128543747,29.956867502365668,9,17.770427647902682,17.20515908489589,0.0
2024-07-29,83.71834473416465,21.392719533539594,10,20.26063235671972,19.90938006295083,0.0
2024-07-30,87.29737994231733,21.770805364945133,11,20.869886883816445,20.77772194669165,0.0
2024-07-31,86.29903148756502,17.454357317875036,12,20.82458761456575,20.538747890933234,0.0
2024-08-01,75.60673273651399,26.92214323124894,13,17.555459342343376,17.61213413476735,0.3217940085528507
2024-08-02,87.8044805336884,25.40523338672233,14,20.837406896873848,20.835974513910365,0.0
2024-08-03,75.93122718742,18.311544191831405,15,17.901413630137203,17.902877851361556,0.008178691920425581
2024-08-04,78.1349924539817,16.23571568423764,16,18.50698279038266,18.4921971922147,0.0
2024-08-05,88.66228512795061,25.207489531120697,17,20.45385640740285,20.085497709648223,0.0
2024-08-06,86.24082247618037,24.81766821421703,18,19.66930178303118,20.029063006902753,1.796195976554598
2024-08-07,91.23058526235444,19.09889290497314,19,21.395398681612296,21.52311643763952,0.5933980629490597
2024-08-08,86.44032230750858,29.26295343375616,20,18.930457516692112,19.878349883433312,4.768466056285574
2024-08-09,84.20771508338679,17.265868376713502,21,19.409824392086307,19.595273242668135,0.9463958388598466
2024-08-10,72.34186919570232,21.48502201563903,22,15.794199151385028,16.350926907059115,3.404869698449533
2024-08-11,79.19289507648584,29.154238802513984,23,16.45038871579187,16.614717231153094,0.9890539397992424
2024-08-12,76.63005919204313,21.295909753891834,24,16.59246048866133,16.55524824754226,0.0
2024-08-13,76.09974108447709,24.57788921496128,25,15.94899543954427,16.264000540889676,1.9368242183308153
2024-08-14,94.32526386881112,20.963915969441917,26,20.75910491290396,21.64408612253919,4.088789910670554
2024-08-15,79.827443116669,19.11322803523005,27,17.206107034832733,17.628559297544154,2.3964083257233195
2024-08-16,92.30116387942785,29.759664719397424,28,18.525405594391223,19.405970945854477,4.537600071236637
2024-08-17,85.77846564993158,21.14001009472565,29,18.134875142067067,19.164003894159272,5.370113457375466
2024-08-18,89.87028258854122,28.41148805518701,30,17.64861473969785,20.86467267001401,15.413891131578428
2024-08-19,82.56592732762981,18.44931908836629,31,17.53312212677716,19.774114850416098,11.33296099770443
2024-08-20,84.42259711565897,18.19657056037625,32,17.819962134187318,19.977125081729554,10.798165094912026
2024-08-21,82.3129423454716,15.46701124326767,33,17.500390340046653,19.182164120696683,8.76738291919561
2024-08-22,74.88107469495111,24.77500238063828,34,13.777644965442684,17.485590049873366,21.205718959753007
2024-08-23,88.06130288153763,20.527895155856417,35,17.689546786585076,20.675670279926194,14.442692560445385
2024-08-24,77.01930906102139,27.965373747594555,36,13.246223986816842,15.931139149005817,16.85325284699762
2024-08-25,70.60789916078635,22.09814860037336,37,12.812561593872315,16.58230543263891,22.733532765272905
2024-08-26,86.13680739767919,29.522901418720828,38,14.43101189972948,20.35433185667092,29.10102870804936
2024-08-27,74.42776698517622,17.782882735546817,39,14.287335737728307,18.44026457181942,22.520982917119614
2024-08-28,93.51146460882286,28.02934751933416,40,16.270926513490142,22.424409194234716,27.44100246942794
2024-08-29,93.84821442506468,26.648952791876127,41,16.533088837432718,22.474525915710927,26.436317725059638
2024-08-30,92.87160975551122,26.563827669660785,42,16.008784380162506,21.557879051224425,25.740448111228947
2024-08-31,79.2539675063861,27.671748421753318,43,11.93569601059192,16.61161736161776,28.148501432677264
2024-09-01,70.38641541322168,26.415359864144985,44,9.855032771039516,17.075131046575276,42.284292025881
2024-09-02,93.20796406469312,24.39330482447123,45,15.858801579735117,22.674729527375618,30.059577731286748
2024-09-03,80.70460370793286,16.968673165235813,46,14.989743164851202,19.105834029792565,21.543633523262905
2024-09-04,94.16637047609174,15.487892692368778,47,18.55328057290321,22.534772641864443,17.66821495045632
2024-09-05,94.09049942723132,28.8127177172353,48,14.130966455227965,22.09792904526573,36.052982945678394
2024-09-06,91.325236386684,24.249754717811072,49,14.50757714708034,21.895514764586082,33.74178546126273
2024-09-07,77.36122230173964,26.94805936464265,50,9.741887140465634,18.224164616459348,46.54412234804362
2024-09-08,79.62744321504813,22.22283527268825,51,11.661647197961516,18.219573819486587,35.993853020376896
2024-09-09,91.27841678792144,16.759622834435916,52,16.354811562707198,21.655326321215036,24.47672540180146
2024-09-10,77.92305012890694,16.877786883038258,53,12.810125348518264,18.537650068115337,30.89671397696942
2024-09-11,74.23731866715231,25.28347930843457,54,8.553119368972471,17.672351013592596,51.60168920143175
2024-09-12,83.92003156145876,21.45458842349194,55,12.279748651271824,20.043664781968577,38.735012858932
2024-09-13,93.40386935401952,18.00787090050505,56,15.646368552707688,22.921896625216082,31.74051515660654
2024-09-14,87.40074491687432,22.373918201121555,57,12.311285509680957,20.901403406913317,41.098282876024996
2024-09-15,84.25152925223412,15.96313405612701,58,13.963423000152952,19.866368877000042,29.713260200665697
2024-09-16,72.42941234426921,23.72957102871598,59,7.368085064513753,16.708696599588933,55.90269402165683
2024-09-17,85.37518066747924,19.034901066526466,60,12.658394650411818,19.980319913628435,36.645685829196275
2024-09-18,94.75134625260658,26.96338650955782,61,10.931482869133388,22.04672606783075,50.41675196806683
2024-09-19,73.5021003809131,19.65542938385361,62,8.753117674833817,17.094735277324574,48.796412855574026
2024-09-20,82.95824130909342,21.828302236227017,63,9.735264104627404,19.501309241599127,50.07892042519549
2024-09-21,91.93432679819888,15.174308098621507,64,14.999154412922575,21.767753270910134,31.09461400884647
2024-09-22,88.5192154438551,16.08670331691838,65,13.627703879048196,19.940162921952254,31.657008358515622
2024-09-23,87.4253935248817,20.88740334610027,66,10.635690938186196,20.691764846035074,48.59940165894457
2024-09-24,87.56210209967773,22.199082520756853,67,9.617417022036058,20.81464075247244,53.794941087831816
2024-09-25,78.98727878049388,24.00030822178956,68,6.27570440338295,16.967015318879554,63.012325471293465
2024-09-26,77.33979610661234,19.37493868063955,69,8.23775158383389,18.254789736378253,54.87347867164062
2024-09-27,90.23402888696285,25.424728291898138,70,7.645723930435095,21.18559971071902,63.910750534162695
2024-09-28,90.25283486697953,27.901835957838067,71,5.805749999021312,20.970861625266217,72.31515756116383
2024-09-29,91.6768079645026,26.69776483340025,72,6.625328097747327,22.062865702249482,69.97068201765003
2024-09-30,92.83101381391178,15.594282380225357,73,13.525602202895408,22.154204504903337,38.9479220528915
2024-10-01,82.78355997152345,22.207604208867437,74,6.4501095094613135,19.35686289913363,66.67791912836245
2024-10-02,82.53790736718,16.573952676272622,75,10.010472035689745,19.62556898410968,48.99270414124061
2024-10-03,89.95737947416939,18.63067523793791,76,10.135683002275185,20.993303401584217,51.71944687128032
2024-10-04,86.24909826944413,29.799938899007195,77,1.4291675305913163,20.110572556861058,92.89345180724986
2024-10-05,87.54917193144259,17.1374331435227,78,10.152524937056963,20.805392537982726,51.20243504888303
2024-10-06,89.89481673590252,22.483322301770343,79,6.709970755643103,20.825601662620155,67.7801829481507
2024-10-07,92.25013354543916,24.27233601477179,80,5.789977193192373,21.278830608874173,72.78996529641198
2024-10-08,78.44987892128839,25.53697455816156,81,1.024727693942502,17.729047887220734,94.22006359021042
2024-10-09,79.3895738159986,23.39473025230371,82,2.4145897202651296,17.87298918730546,86.49028601225739
2024-10-10,72.34954849602173,15.146562711287755,83,6.670221933242979,17.11641832573832,61.030270432145116
2024-10-11,84.45700352490435,19.89691962365988,84,5.681782694819249,20.09859694333445,71.73045108154392
2024-10-12,70.89855684491855,22.76567465077067,85,-0.1050825293516153,16.28375057365342,100.64532141337044
2024-10-13,81.6399504533115,16.3179974871725,86,7.392552649904831,19.00504464223546,61.10215582721575
2024-10-14,83.56611586768942,20.25940396813771,87,4.430576083754029,19.62082618106199,77.41901363954582
2024-10-15,77.16353130320711,15.498046631870498,88,6.484187412983615,18.092362073359624,64.16063647912863
2024-10-16,84.77083151422526,16.17867745732531,89,7.420511903217304,19.755391181576503,62.438041165504586
2024-10-17,70.76250624847624,20.95384914302394,90,-0.2549559693262303,16.64831414025935,101.53142214387756
2024-10-18,70.93370471873035,16.990736310645904,91,2.993312890622956,15.999290143532011,81.29096438798533
2024-10-19,90.56501401649146,23.51311272392337,92,1.908492536204736,21.95979584545114,91.30915173512383
2024-10-20,79.00476603528158,25.341974537058988,93,-3.0797671440038896,17.36697960648411,117.73346438924838
2024-10-21,73.17651281629712,27.008800486636243,94,-6.194144413143307,17.903128886277035,134.59811104801457
2024-10-22,83.0560815013701,18.00225366367215,95,4.00829779124594,19.74442993981552,79.69909587937492
2024-10-23,89.24983882746527,17.512238733886047,96,5.937322552618518,20.18317332017632,70.58280945998115
2024-10-24,75.39552568742108,16.568517605016005,97,3.063046391841715,18.171823737739295,83.14397918421159
2024-10-25,85.57226189547501,24.54645374315455,98,-2.4853117222444587,19.718001100932234,112.60427824059182
2024-10-26,72.1336866248442,25.59713589730352,99,-7.003187611818604,17.673709618919553,139.6248878295576
2024-10-27,71.2920430292152,15.47379217238463,100,2.22985490174352,16.25927173914737,86.2856409713929
2024-10-28,83.2838657892037,29.043183693655347,101,-8.567036895360944,17.9661230292454,147.68439401987538
2024-10-29,83.51587804025266,15.779569254772086,102,4.723712305260162,19.877875233881195,76.23633185297015
2024-10-30,85.93574753745517,23.119445029516054,103,-2.7507094234597544,20.37001041089539,113.50372124497525
2024-10-31,88.15228334306654,25.635907791763746,104,-5.01202540263161,20.68546511700856,124.22969642829295
2024-11-01,94.39630198656336,28.06453685619128,105,-6.62140153547837,22.064631396993192,130.0091191932655
2024-11-02,82.90750870752989,25.71130398198642,106,-7.303945541737494,18.226170285597924,140.0739454711941
2024-11-03,78.07391182353115,27.02592124604688,107,-10.368228296147246,18.62252953848506,155.67572479732362
2024-11-04,89.87965486921759,20.09175288814209,108,-0.0938762132094339,20.744540934783732,100.45253454151894
2024-11-05,76.77080628155186,27.22237670619769,109,-11.7051028840927,17.676625641680165,166.2179712427294
2024-11-06,80.97428551764091,16.201722695770126,110,1.631159120650293,18.97514811561333,91.40370809907868
2024-11-07,71.96140953355665,28.42224984090792,111,-15.4231159492323,16.638933057097603,192.69293828099944
2024-11-08,70.63376858538643,23.21388564230605,112,-9.726463260485122,16.56409379585075,158.72016531880283
2024-11-09,94.06621036694813,27.25946654943741,113,-9.39394438142723,22.240425163795727,142.23815107959018
2024-11-10,90.89950301280514,21.7847742677745,114,-3.688011936189325,21.584875047424493,117.08609351727233
2024-11-11,87.39935515234245,24.653665427947875,115,-8.441318101160789,20.778600825357618,140.6250554217262
2024-11-12,80.22382361035675,22.896039914041697,116,-8.658496761772202,18.41306399020394,147.02366084416298
2024-11-13,74.33235800177114,25.973842826329975,117,-14.32914969639518,17.631951224443686,181.26808833573827
2024-11-14,73.91092606677715,16.224449730458844,118,-2.429469999627764,18.400737499386356,113.20311210194038
2024-11-15,76.25607245411489,15.905281259858455,119,-1.6047039790668058,17.486259229416547,109.17694263829318
2024-11-16,83.73066661765301,18.7065485101522,120,-3.688533394985358,19.797315425757724,118.63148268166859
2024-11-17,87.86489806750156,17.393170201697824,121,-1.1061189683574817,20.78344129904386,105.32211654673553
2024-11-18,86.50493441794328,28.076753498883026,122,-16.077116708362322,20.452371235369487,178.60759284751893
2024-11-19,76.99834742364857,18.288209810370667,123,-5.558449963280121,18.34038693052237,130.30715755527305
2024-11-20,93.87163201657984,29.63797883728697,124,-17.51259482293894,21.744728794592778,180.5371958802897
2024-11-21,88.44742291739422,20.053436876566604,125,-5.9345964820908925,19.89021752643929,129.83676007666716
2024-11-22,83.85885131278502,17.73176873533049,126,-4.282495902351897,19.72552831055684,121.7104243543123
2024-11-23,85.2930186558588,26.845477607137187,127,-17.17904469761894,20.159580115632142,185.21529019494793
2024-11-24,80.49000156069475,24.880616632513146,128,-15.811996059988,18.047918932488297,187.61118730162633
2024-11-25,76.19327473752894,22.472935746797084,129,-13.716532563979715,16.19037334016929,184.72029814129223
2024-11-26,78.89931696628153,23.330453264064467,130,-14.979657954160963,17.02652476339558,187.9783641249266
2024-11-27,88.94615276160923,25.78802667408396,131,-16.488334983491058,20.079230719153713,182.11636797301566
2024-11-28,70.3598372157439,18.42682111996948,132,-10.35814474301661,16.954701214392276,161.09305385000786
2024-11-29,72.90181601267291,29.94500874085113,133,-27.67710734529317,16.682520273535292,265.90483267207173
2024-11-30,71.15006605054381,29.62189743220175,134,-28.241809798486845,15.086303851615057,287.20165042588235
2024-12-01,71.01822005797425,24.75488529520405,135,-21.0325185677281,16.400911920280763,228.2399336692984
2024-12-02,91.38651460027518,17.993136763937176,136,-5.7382105395844105,21.565598532647197,126.60816731285055
2024-12-03,87.5914464845006,25.20342363646937,137,-18.51837952906551,20.896012253004955,188.62159585689596
2024-12-04,81.85434572718313,16.082976134687637,138,-5.554427483176983,18.928446752435576,129.34433847543397
2024-12-05,72.44585401627504,15.459787533087091,139,-7.2231750289797345,17.612277329813857,141.01215813103528
2024-12-06,82.29039687792081,18.865243327668203,140,-10.721359072712833,18.538604383735855,157.8326116183741
2024-12-07,81.83679426951414,21.939344351089744,141,-16.28441689162696,18.940380225597174,185.97724384444626
2024-12-08,74.33004674775037,28.024087581125706,142,-28.84659195854605,16.554170304170054,274.2557399646873
2024-12-09,80.84629123094933,25.90753604649462,143,-24.128125484756065,18.100777130103225,233.29883745504395
2024-12-10,79.96261835993434,26.14059781799972,144,-25.206178045786636,17.79462361707881,241.65052651967537
2024-12-11,85.39625245130541,21.382400016721128,145,-15.825410027946198,19.794563624374334,179.9482642216944
2024-12-12,85.8773412716911,20.189024888204443,146,-14.090530456671123,19.630213224748626,171.77981357281746
2024-12-13,71.13260024430112,20.56558144476904,147,-18.90002824679991,16.38675653854497,215.3372127201818
2024-12-14,79.36531536566179,29.814743456040866,148,-33.77035300421187,17.029580430037853,298.3040812012349
2024-12-15,85.6464978928559,15.601637871187236,149,-6.9976542710680665,19.852824720768155,135.2476504955377
2024-12-16,82.5784064645022,28.00547244183673,150,-30.68742403617281,17.23773081330774,278.02473172676383
2024-12-17,91.41224602970806,23.6801311285859,151,-21.04890904045304,21.848862501509394,196.3386951563218
2024-12-18,86.46734079047363,21.579231287843857,152,-18.83298293610565,20.625780083490373,191.30797894611635
2024-12-19,74.07336067703574,25.878864906227047,153,-30.412781845234097,18.041780744496833,268.56862565803385
2024-12-20,71.76421868501075,22.300034121370544,154,-24.83339938801718,16.47551705337889,250.72910493527854
2024-12-21,86.06048195515788,28.10134857122491,155,-32.82569634147582,20.717001681839893,258.44810385978855
2024-12-22,70.66278276354055,28.51052796016888,156,-38.00473210365006,16.20398535283125,334.53941284271565
2024-12-23,84.64438953183658,21.32581390310183,157,-20.776842430800723,20.028518088160062,203.7362941149552
2024-12-24,93.50575603562392,19.152416958525773,158,-14.487568902105078,22.80363397576096,163.53184285234795
2024-12-25,84.38685444689698,23.885254928900437,159,-26.56803153950878,20.257700555985874,231.1502826595899
2024-12-26,79.70424815516304,28.685450184250364,160,-38.065402156362985,17.95525459590465,312.0014614832874
2024-12-27,86.08220546105883,18.159932835085,161,-15.52758244832118,20.187482121225756,176.91688520182015
2024-12-28,81.45632226228791,24.344498753452243,162,-30.012516214439003,18.217017062213085,264.7498935305545
2024-12-29,83.64041973289838,24.47340330138781,163,-30.074408422880325,18.776520046349148,260.17029965426366
2024-12-30,93.53662021941312,25.996695336229216,164,-31.293526280523444,22.325788132952326,240.16762182892415
2024-12-31,79.65256594501936,16.9735152769089,165,-16.12368725612465,18.773488515805607,185.8854082582997
2025-01-01,94.02976409559786,25.73737447023133,166,-31.55545038239078,22.445431258196127,240.587409613117
2025-01-02,92.6337660489016,28.635487809984618,167,-38.6874608802843,21.95765946143612,276.1911871719773
2025-01-03,74.8947783697324,17.695246633053628,168,-20.0061458763981,18.381168012443098,208.84044943637412
2025-01-04,71.73403252187913,18.56314987385817,169,-22.77494111678485,17.077952034567897,233.35873687129194
2025-01-05,72.51945003443566,29.570926410624597,170,-47.52222235123795,16.26182787273395,392.23173878822075
2025-01-06,70.45554564128874,17.714654290642347,171,-21.974195881946,16.72648938127314,231.37362766958236
2025-01-07,72.36107401889821,27.815776400543687,172,-44.44800707909015,15.133062625600598,393.71455189709894
2025-01-08,87.07516933540893,22.384167846720523,173,-29.257418734425592,20.914635464016243,239.88969009172146
2025-01-09,71.77971621150573,18.708466116047656,174,-25.24810108529389,17.11707342360274,247.50244075298102
2025-01-10,77.97439075734403,28.06124851908767,175,-45.49770215990182,16.668705991546197,372.95281459146685
2025-01-11,91.12188277423635,21.679578825039982,176,-27.72916546015753,21.611627701303604,228.30669602218308
2025-01-12,70.58179839339564,22.72226030894535,177,-35.66581773417936,16.566349794470668,315.29074404841737
2025-01-13,90.3617120647234,20.388500540996485,178,-25.951468391347888,20.98006108179668,223.69586670967627
2025-01-14,77.046369369335,23.894262771523916,179,-37.91207495323111,17.21133606850286,320.27386370434704
2025-01-15,72.9541206905414,17.452858088775344,180,-23.95584012825408,17.738582854696684,235.04934596233116
2025-01-16,87.41842913410377,20.86622304977641,181,-28.967451507032155,20.691764846035074,239.99507399477747
2025-01-17,85.7235711694971,29.541184835029316,182,-50.83756456169256,20.22799197448152,351.3228432452729
2025-01-18,91.93680033817633,18.872001490516915,183,-23.885210811251724,21.667527689522196,210.23505382573916
2025-01-19,88.37677609509714,24.851049968119383,184,-39.90610385249494,20.220776911494852,297.3519812179403
2025-01-20,90.08702325962122,19.877850963370424,185,-27.449555544152577,20.879926552171284,231.46385106080805
2025-01-21,77.05086431428266,26.60209688529901,186,-48.110292225645885,18.00150378880699,367.25707357604205
2025-01-22,74.43598859449307,16.963104910775247,187,-24.759028089287355,18.38390831339473,234.67771742120598
2025-01-23,88.76536879102146,29.54731567617817,188,-53.94274043077392,20.033388468110573,369.2641862191248
2025-01-24,90.1708684816816,21.80684312075459,189,-34.15761349177955,20.757948239708668,264.55197352519724
2025-01-25,94.76262855001684,18.54075695019696,190,-24.84010273178367,22.08505122374841,212.4747345166794
2025-01-26,80.31544192278567,16.10245120995019,191,-22.46065667122689,18.939795244321513,218.58975443760932
2025-01-27,79.30045214481957,17.54636857631311,192,-26.7936158356161,18.76390477970292,242.7933905558879
2025-01-28,89.41032401854991,22.796609228340262,193,-38.80759908180658,20.15010717736556,292.59251943532496
2025-01-29,78.52008850632545,20.05504764646929,194,-34.52315899829409,18.056432271228957,291.1959044827651
2025-01-30,93.26893314008912,27.433250488239143,195,-51.38716952107573,22.43073858189942,329.09263256513015
2025-01-31,91.4603187960753,21.46331285492709,196,-35.91764574982389,21.637752693673246,265.99526881701536
2025-02-01,80.72485068437545,18.730714088814448,197,-31.614852446578187,18.70038167280262,269.0599315016017
2025-02-02,88.77177669478743,24.25717479906045,198,-45.56744264310892,20.0062587463549,327.76593675422305
2025-02-03,88.86357185211706,25.601658253281688,199,-49.52792577741443,19.979525580723777,347.8934025600634
2025-02-04,72.57809672089832,17.505628618514248,0,18.05395095013832,17.86216875954596,0.0
2025-02-05,92.56382266698915,17.514288244324764,1,23.058064744638084,22.998359747330078,0.0
2025-02-06,82.63130931119643,15.550071404003145,2,20.554278954643937,19.955660846643966,0.0
2025-02-07,90.66143665269354,26.04603022598461,3,22.667463829429824,22.326444361074795,0.0
2025-02-08,78.0012400257653,24.95706791432708,4,19.08708604172884,18.525624168004093,0.0
2025-02-09,92.388080712405,22.11946313624721,5,23.163491915475007,22.64221942062411,0.0
2025-02-10,79.73004196835407,27.66255673453796,6,19.631561279112677,18.698000633076564,0.0
2025-02-11,70.27094128700746,27.0850522942508,7,17.088437024840413,16.971974401559564,0.0
2025-02-12,92.63454941048158,23.780315465951283,8,22.615060838167423,22.567349311095537,0.0
2025-02-13,72.28216691965333,28.02406920769888,9,17.34244726879123,16.380823168090032,0.0
2025-02-14,77.98284093976037,18.087618150551524,10,18.975841769746573,18.758789699373732,0.0
2025-02-15,93.75154917627012,16.678794290965918,11,22.89391852385732,22.91338753285168,0.08496783361450384
2025-02-16,93.7651786734389,19.046244172754843,12,22.70511761254629,22.845477459110768,0.6143878884374274
2025-02-17,84.33594720308216,15.856302841339724,13,20.349725600757505,19.9732654070327,0.0
2025-02-18,85.79593030424498,22.96754292001548,14,20.226135261312383,20.03755580097912,0.0
2025-02-19,81.211138049458,29.049085384424423,15,18.60005782525265,18.07000811226401,0.0
2025-02-20,77.33026929245162,15.590153110027645,16,18.31530669603587,18.16585070822078,0.0
2025-02-21,78.21661363424789,16.831648710150404,17,18.487753104999577,18.47700789996834,0.0
2025-02-22,86.81296140192596,21.782985424251528,18,20.09908317824817,20.35382173504614,1.2515514782137966
2025-02-23,88.809363235942,29.008125262918576,19,19.50587570082908,19.83023432184537,1.6356771975153679
2025-02-24,89.78947609314622,19.742341574651256,20,20.747150389101915,20.48009404597999,0.0
2025-02-25,89.74045356986385,22.608522130325888,21,20.278876467658485,20.359884521188793,0.39788071217202536
2025-02-26,72.28015257621726,15.62359288575588,22,16.455982049888608,16.897509784142887,2.6129751655396096
2025-02-27,82.36050761756454,17.225148014431333,23,18.65127017873149,19.039019868805326,2.036605312383481
2025-02-28,71.43896900041611,29.799451844382705,24,14.468467843700548,14.965690345909923,3.3224160778207246
2025-03-01,83.73822205809338,29.476780446540683,25,17.344710604918046,18.092342473435817,4.1323110570976995
2025-03-02,81.03826253433442,15.074099714016144,26,18.183836523419338,18.646431970908054,2.480879174152206
2025-03-03,92.19260456895748,29.277176781348587,27,18.98138219826663,19.674738231528224,3.5240927991128754
2025-03-04,78.77287531380196,24.586799067232505,28,15.953222026443688,16.555293992173052,3.636733760294495
2025-03-05,72.92667541069015,28.01877441780033,29,13.718021216114057,14.773984514318194,7.147450961389266
2025-03-06,73.5747920513209,21.82109783450789,30,14.745454036325098,16.61193999604916,11.235809665625869
2025-03-07,89.03776579293681,22.733940428688754,31,18.421786871760307,19.940325889283784,7.615417250224386
2025-03-08,85.45545158290653,22.3326987038538,32,17.416525110167335,20.09335872342469,13.321981905079522
2025-03-09,72.52806690306976,25.002963863191567,33,13.443499223156564,17.828404657777227,24.595052214657073
2025-03-10,72.10267015287494,17.094768821344694,34,14.70909877877762,17.283889433588406,14.89705580855605
2025-03-11,87.524228286478,15.449603848090169,35,18.733636785940547,20.829776577639162,10.063189030787917
2025-03-12,71.81907515910484,19.618949123867864,36,13.652927619498456,17.15735538982036,20.425221082738183
2025-03-13,90.5465014822589,25.5702114410497,37,16.92492923535158,22.14344673637124,23.566870881253077
2025-03-14,87.65605567891241,18.027801781844225,38,17.771083189874386,20.80231396647521,14.571603820065041
2025-03-15,72.0337195160475,25.10148649987376,39,11.970268427000326,17.59876958329261,31.982356094006153
2025-03-16,72.1209428521298,29.548680691609057,40,10.67383642309799,16.21580592481255,34.176343299931446
2025-03-17,94.66598946252938,16.408510736841276,41,19.429632705583387,22.150980128855124,12.285449255253296
2025-03-18,79.356769893903,25.08903177337689,42,13.045325903740302,18.146671862333413,28.111744110950976
2025-03-19,79.26605367667227,21.656253289568568,43,13.81711780963818,17.284822824789465,20.062138040419995
2025-03-20,90.31998918143756,28.02213381566258,44,14.398721644566391,21.165650444498773,31.971277318770962
2025-03-21,93.68121443459648,17.657246841710787,45,18.00193757199591,22.94405081485098,21.539846135871485
2025-03-22,94.65002659557176,25.389389283392468,46,15.72503600775893,22.029289802491068,28.61759889335721
2025-03-23,88.83445463147353,27.571729344721653,47,13.250077496599523,20.063863131788697,33.960487023027866
2025-03-24,79.40648963827289,29.16921329211035,48,10.08377316983106,17.112656590579615,41.07418029190103
2025-03-25,72.08751791746671,25.24872042434469,49,9.347116506744898,17.714938633296967,47.2359645142881
2025-03-26,89.42867289818592,22.45762146012641,50,14.337958020558524,20.234061290329436,29.139494959367674
2025-03-27,83.96010624339513,24.267708603018207,51,12.120619098112286,19.013736533946425,36.25335516523762
2025-03-28,80.6055502311744,28.03357476718077,52,9.450071000305352,17.845407841398433,47.04480231388868
2025-03-29,92.6588596273684,23.559146199582443,53,14.095846096358352,22.56448196611391,37.53082336422917
2025-03-30,72.77993705765378,15.455805895452553,54,12.061973054757544,17.675957852150752,31.760569041581622
2025-03-31,82.31562760727148,28.964230432604666,55,8.682951533431543,17.734344891837253,51.03878047715129
2025-04-01,70.28384111918548,25.34290126547341,56,7.016546029748588,17.129724922698255,59.038769966170875
2025-04-02,81.71651604985315,25.147700786658696,57,9.700810316306878,18.196688387502853,46.689144146859086
2025-04-03,71.40758189204594,18.23512728596576,58,9.636413152519728,16.412005028679825,41.28436388070693
2025-04-04,72.97044790670179,24.883282053489857,59,6.889544646666273,17.577790279458053,60.80539967121119
2025-04-05,72.93815616942763,20.90796608481238,60,8.440480273432437,16.91336042440722,50.09578190474671
2025-04-06,86.23025755290159,24.768494655622384,61,9.663238309351517,20.029063006902753,51.75391726502029
2025-04-07,88.65112198163558,16.59889545461986,62,14.14233830200838,20.268789002491438,30.22603224953398
2025-04-08,84.584219127429,24.867679569045546,63,8.691663657444993,19.972130785123017,56.48103975005361
2025-04-09,94.05431371186354,29.99120588656,64,8.131629529916108,21.906569030014584,62.8804057870732
2025-04-10,79.3717644880926,15.72318058290834,65,11.402873144223216,18.563708983666682,38.574381044994524
2025-04-11,77.14280215704652,29.65761276331976,66,3.4472297270664827,16.152443592722566,78.65815344113246
2025-04-12,91.71497820473652,21.10361941084306,67,11.231200545746056,21.764461084208282,48.396606273448604
2025-04-13,75.58989596298632,28.061301755058885,68,3.168306540305644,16.367321164278504,80.642485666986
2025-04-14,94.08056348601528,26.735782260874103,69,8.224076567684495,22.205411404234134,62.96363792604029
2025-04-15,70.3038618672454,23.50524391480002,70,3.945902728182666,16.76502860977658,76.46348944563327
2025-04-16,94.24697066769096,26.076738138769898,71,7.8302790451353905,22.191065200209795,64.7142713768361
2025-04-17,71.0789977987644,28.177733419520216,72,0.252886482299168,15.585654701349393,98.37744074827172
2025-04-18,92.27857784245178,21.06210482476549,73,9.951336132072438,21.174934014531097,53.004169338882335
2025-04-19,83.1925277271575,19.90549742344858,74,8.306899355470472,19.448101126230977,57.286835863546635
2025-04-20,94.82411990298252,25.01390078345377,75,7.582919466378744,22.029289802491068,65.57801211766133
2025-04-21,71.84491411838498,27.11768912911888,76,0.0152979637042438,17.443451332327072,99.91229967388455
2025-04-22,83.84635711003303,26.43427702164924,77,3.0515180196449463,19.034152480209535,83.96819599497421
2025-04-23,94.23256339047748,26.96720473287952,78,5.061756639423582,22.19110663623535,77.1901567488376
2025-04-24,83.07744610425372,21.533749722194,79,5.551710734983597,19.56646705555983,71.62640184751149
2025-04-25,85.73496595338156,27.267513242625323,80,1.9703330451575105,20.261641423637258,90.27555071200246
2025-04-26,87.39371722461543,16.80313583055913,81,9.649490301592916,20.78684686653415,53.57886473331296
2025-04-27,81.36352661919433,23.167336469412746,82,3.24419198840984,18.339649364203567,82.31050155875909
2025-04-28,85.68895200210159,15.086379907471825,83,10.290396650385494,19.852580997079667,48.16595055373797
2025-04-29,84.6078577980775,19.86878744850405,84,5.89476867467785,19.919251372864935,70.4066756107711
2025-04-30,92.52895026227472,20.49692302307097,85,7.018696293840332,22.724100643240558,69.11342541546043
2025-05-01,71.13615950853645,20.94259037413883,86,1.0791134103153537,16.27303064224714,93.36870043423983
2025-05-02,77.02407973980576,25.43200810034793,87,-1.5585038836232945,17.834512823227282,108.73869613973157
2025-05-03,93.76028710191396,20.828371519055185,88,6.17650538606922,22.47433088561607,72.51751156684143
2025-05-04,92.25659459727292,21.73040433933796,89,4.77784442240142,21.18900586476869,77.45130445055179
2025-05-05,81.39141881964282,18.56316196311491,90,4.445940323044912,18.736971829557426,76.27183109689327
2025-05-06,85.50331494503843,20.5987768744401,91,3.509581730252971,19.74690087296998,82.2271770500607
2025-05-07,76.93452957452831,18.409044408947278,92,2.906642110143125,18.15830202753909,83.99276482054943
2025-05-08,74.70302899309404,16.097938856526653,93,4.3502705867189535,18.434997656583906,76.40210935874305
2025-05-09,81.59246012349955,24.05172890072067,94,-1.5217396275089048,18.428859426440624,108.2573728102001
2025-05-10,78.83380570065133,25.023191978325244,95,-3.462589682974934,17.705872217680913,119.55616555007794
2025-05-11,84.59140279627181,24.292355190144217,96,-1.734426721244063,19.96416108448249,108.68770149621854
2025-05-12,71.94336592412462,21.952410657008585,97,-2.97063803443151,16.642437235398027,117.84977760416628
2025-05-13,94.35987019165415,20.69678670268845,98,3.5934793279754995,21.64408612253919,83.39740792181838
2025-05-14,94.65526861199008,27.95000474357738,99,-3.9547004196342006,22.12943706746263,117.87076827837106
2025-05-15,87.45404285049364,22.78622677704327,100,-0.9885277133273884,20.828655607189884,104.74599864710498
2025-05-16,83.402409158603,22.187728164445964,101,-1.7011450583871237,19.423923397394763,108.75798891698312
2025-05-17,77.7381904071582,15.384630987096536,102,3.4514905332781387,18.24446935395389,81.08199001945681
2025-05-18,90.34487549267372,20.118717414392343,103,1.4734768960540303,20.98006108179668,92.97677499455666
2025-05-19,87.11827931384698,20.70293428178785,104,-0.2255027643174973,20.803073154946613,101.08398774853069
2025-05-20,74.06542348362228,20.982341713453508,105,-3.971732572714496,17.36496363688789,122.87210417347181
2025-05-21,92.77317961234608,23.702585538409984,106,-2.6479526974023897,22.50275886258801,111.76723580238308
2025-05-22,90.56343107307924,23.00403820090317,107,-2.8010347335054258,21.548433401002868,112.99878595060679
2025-05-23,93.7449978322981,24.11857639190167,108,-3.5486013623278847,22.734274740711445,115.60903702801313
2025-05-24,88.142987709709,26.473248923131926,109,-8.104373053228688,21.43670639184519,137.80605520777064
2025-05-25,85.33537989839475,27.1947860807414,110,-10.00145403254209,20.11187389079977,149.72910076329228
2025-05-26,80.45607590726547,25.77184614339742,111,-10.035383675264638,18.001306879769498,155.7480839712963
2025-05-27,93.31821208385033,29.33285543932402,112,-11.412044193762576,21.886933385704964,152.14090065818053
2025-05-28,91.6515972375102,15.273488740145424,113,4.508009845025938,21.90314937553769,79.41843993421027
2025-05-29,71.13046675265474,17.93666978525319,114,-4.293544891755269,16.17739163288366,126.54040273728565
2025-05-30,70.6591743624313,15.113443124672132,115,-0.9871007868945854,16.31409742653614,106.05060004906548
2025-05-31,79.41158417195123,24.712120712319045,116,-10.87912066595872,17.641326479573443,161.66838235523528
2025-06-01,90.26383326954584,28.470458234249804,117,-13.372165789229188,21.08486694111542,163.42067904233966
2025-06-02,94.6819032328736,18.65223444864449,118,-0.1415696046737815,22.08505122374841,100.64102004219735
2025-06-03,73.7604222775882,28.9055181719446,119,-18.95959653361399,17.07696494192184,211.02439220373714
2025-06-04,84.85326788380338,15.904010854343412,120,0.3158175306928411,19.458971512103684,98.37700810396686
2025-06-05,79.52227141577553,29.016540402082715,121,-18.720715850487647,17.905658551416305,204.5519537677483
2025-06-06,94.24785994536508,20.27434030859452,122,-3.820163990638224,22.44412425423738,117.02077544824228
2025-06-07,91.05297307839272,16.52131242673825,123,0.1943190958835343,21.661809766523938,99.10294154561437
2025-06-08,90.95821761777844,22.288076387794884,124,-7.974368322721686,21.58172805825831,136.94962841342203
2025-06-09,81.71732899487426,18.851648515807614,125,-5.796259038363834,18.21728853824538,131.81735320377214
2025-06-10,80.37048755844162,19.27309352942884,126,-7.180154965158493,18.140681889944954,139.58040281351452
2025-06-11,76.83517679826765,19.609349473894294,127,-8.901465210962986,18.0627421274655,149.28080768770852
2025-06-12,71.40938741627318,27.04538846748995,128,-21.313506444508192,16.32700413800101,230.5414408201265
2025-06-13,91.61805940637632,23.087419150128817,129,-10.86208949553415,21.89388865211824,149.61242686544512
2025-06-14,90.32252522825196,19.669615487340053,130,-6.718610034309257,20.933176076576192,132.09551197454095
2025-06-15,94.99294183215326,24.155006749663777,131,-12.698518864142876,22.270162024645586,157.0203254475198
2025-06-16,94.91592092684763,25.742260113347903,132,-15.365872286772747,22.04244661130594,169.710375430336
2025-06-17,83.88579264006569,19.08936001100301,133,-8.430471898715,19.549882603968264,143.12287735683776
2025-06-18,89.22468537951276,21.203236522880275,134,-10.634300520106237,19.939195918251045,153.3336477744937
2025-06-19,93.6191432470607,16.828291400054212,135,-3.006147616818428,22.91338753285168,113.11961233365611
2025-06-20,91.24118476693528,17.717240243020203,136,-5.334906803247792,21.567652010793708,124.73568657625731
2025-06-21,76.18370254357994,25.216767809474742,137,-21.245021500820854,17.080413322796787,224.38236182765948
2025-06-22,81.26360338275234,17.721575215434406,138,-8.380453958251296,19.43638751867462,143.1173434374021
2025-06-23,73.22898537878737,22.877450755005903,139,-19.15394836683921,16.76942245374883,214.2194874013524
2025-06-24,93.85127568146804,25.63569392583649,140,-18.940547322132492,22.470246459186118,184.2916759125682
2025-06-25,85.154365861272,16.603153846421158,141,-6.623657364413594,20.32217363600003,132.5932524888972
2025-06-26,75.71607013758657,23.509683294433557,142,-20.748400969703216,16.677498323741773,224.40955212189215
2025-06-27,86.79251711014642,18.84844175552045,143,-10.540872250372246,20.70969559600115,150.89824812493907
2025-06-28,85.45320601144739,29.443903128563697,144,-29.448715041572097,20.14083791262731,246.2139518192995
2025-06-29,78.95406795082101,22.25318470079887,145,-19.223423832429244,17.099128172532925,212.42341503298786
2025-06-30,72.83893980499073,27.08988824662737,146,-29.73558223047044,17.66277318303085,268.35171873824606
2025-07-01,86.78932988981998,23.253398132343925,147,-19.664951518990986,20.533244487155454,195.77128218237684
2025-07-02,83.00769252259484,15.651187992822289,148,-7.390364040449808,19.899768063638447,137.13794058712543
2025-07-03,89.30795979339098,24.497270633910336,149,-22.31828237463748,20.121188597668496,210.9193041271109
2025-07-04,83.00408752779984,29.271050133099852,150,-33.11029722231772,17.850864319404987,285.4828798755967
2025-07-05,91.3045375079635,24.024177302194968,151,-21.638641145985808,21.817492456871836,199.1802389241588
2025-07-06,83.79767096936214,27.28783289140185,152,-30.306427199622444,18.609445683959713,262.85507754669374
2025-07-07,84.02344928838465,28.26309695022612,153,-32.31793630365853,19.351858052531377,267.0017226042596
2025-07-08,91.91634006645864,18.421196579233985,154,-12.315536865258414,21.751956709807608,156.61806443236225
2025-07-09,80.08707165530993,18.1806725986234,155,-14.998262907510448,18.8871472496217,179.40989027769058
2025-07-10,73.35038071126601,24.16471483276488,156,-28.778748547653628,16.88946148750252,270.3947077824161
2025-07-11,70.71956690783347,21.16542704710057,157,-23.8965099305128,16.483073762560924,244.97605407063395
2025-07-12,88.87843139184048,27.59791954300081,158,-32.64507774026246,20.063863131788697,262.70584346511214
2025-07-13,85.50773878383661,28.500346850970168,159,-35.78008084575498,20.37606152027677,275.5986102130152
2025-07-14,87.6019942024806,20.301320689540773,160,-19.18239378044758,20.803445005418972,192.20777508461154
2025-07-15,75.32410403772276,18.55305838461723,161,-19.17051184418561,18.064825802278072,206.12065709356636
2025-07-16,73.40928688966925,26.70788272865793,162,-36.64320350970815,17.871731141255236,305.03443801882577
2025-07-17,70.36361664169705,19.122090533222043,163,-22.25434215391884,17.016086696766994,230.78413709626372
2025-07-18,78.76468897016493,27.339214777705173,164,-37.75018326735883,17.624150631064317,314.1957593168795
2025-07-19,84.74794217136582,21.356073804731444,165,-24.17586566779009,20.031510164465377,220.68918154097307
2025-07-20,79.8061011274933,25.013248489372057,166,-33.8020531441937,18.31967803238062,284.51226645166736
2025-07-21,80.93687305059322,16.433029707520024,167,-15.249262497827631,19.071725315727182,179.95743565608393
2025-07-22,92.60396736234372,24.3578898701486,168,-29.64775513541246,22.55555399969256,231.44325843566764
2025-07-23,78.70638667558251,21.77651518105844,169,-28.08794675509995,17.1220057106391,264.0458905912345
2025-07-24,82.84973722899527,23.79912694763211,170,-32.0409424478916,18.72536930863273,271.109802534683
2025-07-25,89.59132531852858,17.52021311617295,171,-16.805671874390566,20.319957130274492,182.70525260780187
2025-07-26,79.91356955803175,26.05310617416273,172,-38.7888859050505,17.78719693118087,318.07194273007553
2025-07-27,85.55216750569684,27.941956163148426,173,-42.13804234401595,20.23603534919987,308.2326978425746
2025-07-28,91.55909271866864,18.25109700136164,174,-19.11854782923213,21.80556968973631,187.67735996473905
2025-07-29,93.73801559144106,16.435718332802427,175,-14.503284344060656,22.879846358433387,163.38890618780238
2025-07-30,73.67683702322594,15.354578790695044,176,-17.360717783179226,18.084351843745374,195.99856236585873
2025-07-31,93.16469062903737,24.62957250664899,177,-34.63551034224849,22.44880205316533,254.28667534339456
2025-08-01,82.30290732698846,24.106410541331712,178,-36.62871995408828,18.291641981100113,300.24839755739265
2025-08-02,76.45610970747396,23.20046119071105,179,-36.44579270498994,16.25389044072773,324.22811841814143
2025-08-03,81.47839390595654,18.47920644173963,180,-24.18953811581456,19.052690799389193,226.9612695157476
2025-08-04,94.50081438213692,20.86358993858272,181,-27.12066704147792,21.70277710050053,224.9640399285695
2025-08-05,82.31545234982174,23.9171450277926,182,-38.180647667009886,18.59878552425,305.28570329083095
2025-08-06,78.2187902571877,22.45150288288754,183,-36.08311178300732,17.483742161686344,306.3809420735991
2025-08-07,85.83502135791815,29.81678280322331,184,-52.95069071343607,20.15097855099678,362.76982320948787
2025-08-08,76.00364046945482,17.046596288350997,185,-23.738061555196925,18.00018002569816,231.8768007948088
2025-08-09,71.8965832027166,25.427168310713903,186,-46.65090841869867,17.490305608179693,366.7243755699811
2025-08-10,73.22199304776623,21.06478152156438,187,-35.70783003814774,16.883228059055504,311.4988313446104
2025-08-11,73.2011459739443,21.42299422388422,188,-36.905849410796925,16.636647667930998,321.8346517125387
2025-08-12,73.79756733780737,25.763966484872643,189,-48.48855958846837,17.973571849234013,369.7769814213908
2025-08-13,73.47067931623525,25.386542269865544,190,-48.101569900521056,17.753704882187066,370.93820822031967
2025-08-14,86.02186862008037,29.868839905532823,191,-57.31409335544102,20.22775151058374,383.34386708998596
2025-08-15,74.54700210997862,16.92591434181188,192,-26.41578067459896,18.355967825988206,243.90840583845298
2025-08-16,78.64168208309658,16.561644740762496,193,-24.59636546866797,18.135388128625408,235.6263527100607
2025-08-17,92.4197102476503,25.86508225693112,194,-46.94539108412849,22.265910827662555,310.8397516162008
2025-08-18,81.84904100657181,23.675803755096137,195,-44.09043778957414,18.66374327778832,336.2357707847711
2025-08-19,86.68894346302568,19.112409998397087,196,-30.782542645860097,20.768169723418936,248.21981453256612
2025-08-20,74.30799678004075,16.1912905348348,197,-26.35667134212092,18.427905158734845,243.02586818788697
2025-08-21,74.80722547021676,16.28487374394646,198,-26.68717917536172,18.418137712963603,244.89618652692533
2025-08-22,71.02171540666197,28.412863119961774,199,-61.84016306523935,15.979812162522585,486.98929897482117
2025-08-23,74.22337657680411,17.878009870781142,0,18.557932793030623,18.45226117264631,0.0
2025-08-24,76.96475847579896,19.85057343173281,1,19.244409136089875,18.50757041371897,0.0
2025-08-25,74.42526210691867,18.39984603340482,2,18.42825642660037,18.31731141068341,0.0
2025-08-26,72.21756334392639,20.32494458747906,3,17.887143185118042,17.508097061413647,0.0
2025-08-27,73.01589677751502,16.0413576411914,4,18.088123695216836,17.85923449484973,0.0
2025-08-28,81.51946920081815,22.785896863624053,5,20.093341718952104,19.012862182450476,0.0
2025-08-29,75.15834296014481,16.014188453883225,6,18.682390577395875,18.467522326373963,0.0
2025-08-30,79.10674652620189,27.005347617335424,7,19.332309700572743,18.42175058323677,0.0
2025-08-31,82.58543177137142,18.505681228656496,8,20.116476381156847,19.78274726275543,0.0
2025-09-01,87.25987071573414,23.100178719067657,9,21.215913331361907,20.90536151222006,0.0
2025-09-02,70.98280349602747,28.20118631342187,10,16.903723234164744,15.979812162522585,0.0
2025-09-03,89.98525997272607,24.76316053570791,11,21.70689866371057,21.15546099613045,0.0
2025-09-04,85.6975097372727,22.99436679827003,12,20.62657362499553,20.2105627574004,0.0
2025-09-05,72.0439757987218,19.865006296730638,13,16.97836864622406,17.16193753996203,1.0696280260345021
2025-09-06,91.83946560266943,19.995028695872968,14,21.831376994084945,21.835954441551088,0.02096289163084722
2025-09-07,93.02181001329532,25.04230432797285,15,21.67486830323892,21.89258509997996,0.9944773344342958
2025-09-08,71.52694899637159,29.91209041831751,16,15.943961476409877,15.970009739232442,0.1631073696753853
2025-09-09,76.92194120368009,24.92758784774068,17,17.529876817666988,17.812278715447732,1.5854338588124073
2025-09-10,90.15503199482652,23.366751260550373,18,20.85303031713702,20.908527275846286,0.26542739226486306
2025-09-11,88.70649225959146,25.95975765358869,19,20.01906471852842,20.15878875595396,0.6931172260251656
2025-09-12,74.61302548390944,21.97808418425577,20,16.655492008603517,16.640897692310883,0.0
2025-09-13,75.23373308341776,15.902135139011778,21,17.293281572374603,17.75828036982414,2.6184900101007935
2025-09-14,79.26180256978455,23.43445223816865,22,17.313755222066952,17.19031971552252,0.0
2025-09-15,82.11307462977553,29.364379267580706,23,17.498210367271955,17.483088588934933,0.0
2025-09-16,85.4563692882574,17.629544135364895,24,19.130523617935605,19.47190824958677,1.75321610637936
2025-09-17,79.2228409892443,25.350073362309985,25,16.6554251349119,17.11811981337742,2.702952681193014
2025-09-18,81.5633679033287,18.014005329885848,26,18.205004715683778,18.84501020684218,3.3961535925622925
2025-09-19,88.68677345334392,23.03741526709622,27,18.940313476660418,19.487335606615833,2.8070647573273417
2025-09-20,70.91708007226495,16.450146744700795,28,15.272978264814254,15.891691206940536,3.8933108759127206
2025-09-21,76.31092360860052,21.755564043872777,29,15.644424722264777,15.945977933447313,1.8910926155868863
2025-09-22,87.83373964711382,26.34244993342869,30,17.611889529055407,21.5403606217804,18.23772202194584
2025-09-23,92.38017094218,20.21357286358473,31,19.743450853317263,22.660580410252027,12.873145807046521
2025-09-24,82.79193605289166,24.97367586730827,32,15.956079599516263,18.38755386898486,13.223478700828592
2025-09-25,83.30283713163288,26.93174941184594,33,15.873585637689835,18.204649218261213,12.804770652944367
2025-09-26,72.6793002834944,28.90766729219179,34,12.296415964947837,16.559420926919312,25.74368379658405
2025-09-27,81.18530917058636,18.5196312278318,35,16.43493550331289,19.043989287327694,13.700143098436463
2025-09-28,83.31543166137558,20.98973873713962,36,16.252149906091873,19.50647812453866,16.683320267603428
2025-09-29,76.06176259086824,17.28624019995626,37,15.18381649010707,17.755056375064193,14.481733150497117
2025-09-30,76.73108077373452,29.887252532375623,38,12.021936633453096,16.236572146065917,25.95766812537471
2025-10-01,79.43210407761556,28.90501451886443,39,12.86428473126667,17.476055732796084,26.389083853027707
2025-10-02,70.50177994444316,23.0993569542084,40,11.984149511595607,16.623213991837375,27.907145288027476
2025-10-03,78.05197913957946,27.63049941564632,41,12.12289504390692,16.858391830605118,28.089848867442186
2025-10-04,75.28620017491362,22.814369659080636,42,12.63065207424818,16.699533614827576,24.365240577536973
2025-10-05,78.18743380444786,24.3537853200414,43,12.613626880312848,17.368068639448467,27.374614056607033
2025-10-06,72.99405329548128,16.33686648174025,44,13.522975483923824,17.81075492253283,24.074102738814453
2025-10-07,92.26318201849736,26.32905630745212,45,15.119779724636777,21.202345053502654,28.688172527694196
2025-10-08,84.83981133885122,16.915702254528522,46,15.868321912828982,19.319490936604247,17.863664395195862
2025-10-09,86.97755797861224,27.391014453787925,47,12.96736001340132,20.822141607576768,37.72321667103276
2025-10-10,89.72928096518345,26.73042131505579,48,13.723453069797984,20.655962102441293,33.561782299280885
2025-10-11,82.46105497322642,25.63117046614465,49,11.804681894246263,18.208192748353312,35.16829452877008
2025-10-12,72.17300720218559,15.542405707871431,50,12.62015735876702,17.29802015108704,27.042764151399457
2025-10-13,83.4276635454637,19.54692533917993,51,13.60834720687978,19.347551035236293,29.663722390002317
2025-10-14,84.67102795052197,18.94668854866264,52,13.967534615453935,19.718524434070442,29.165416701666175
2025-10-15,88.63598685460825,20.402046112072785,53,14.334193045351013,20.173938624658682,28.94697801930321
2025-10-16,80.79148865574199,16.31464120145758,54,13.872351269403469,19.049240904381413,27.17635658535473
2025-10-17,73.18950756988909,29.05436734546594,55,6.481925694047699,16.740411407694282,61.279770632946
2025-10-18,77.09439764496811,23.307033610685643,56,9.47511694719014,17.222292899736487,44.983417699654176
2025-10-19,79.07705740996587,19.582864659870356,57,11.341892493864664,17.850420968701982,36.46148450083636
2025-10-20,86.14793103329004,20.95472275611425,58,12.155929972528275,19.944548085416795,39.051364210069316
2025-10-21,84.2694576167228,21.70803810757253,59,11.29000226514776,20.34482261103727,44.50675495679761
2025-10-22,78.90241814744616,24.00891500040926,60,8.65550248824254,16.91142285240717,48.818602882899846
2025-10-23,94.6628812198245,22.735191415447467,61,12.78889246723818,21.55097058205608,40.657464040684296
2025-10-24,85.14437048392217,28.79087959821626,62,7.183712421527582,20.263327544510574,64.54820953889343
2025-10-25,75.93066979339986,22.45445224358745,63,7.780973839863215,16.4293029287909,52.639659311243534
2025-10-26,72.5445618155101,29.88237022234969,64,2.7926949264304213,16.468505063263436,83.04220743958034
2025-10-27,73.8214784796083,27.77137436617644,65,3.8952577777401207,15.835166586094182,75.40122008466408
2025-10-28,76.1489432096127,18.12765771536004,66,9.527402008584923,17.749781489290203,46.32383494786383
2025-10-29,74.01703433148889,28.958928219658745,67,2.5979401067906087,17.08407234559673,84.7932035510245
2025-10-30,74.66417560128265,16.745495968282142,68,9.240300871359397,18.37488168415244,49.712324518917775
2025-10-31,77.12737921734617,27.261745627367876,69,3.591829016429372,18.13032303413503,80.18883055935174
2025-11-01,74.33433988236887,20.709349402148703,70,6.5293247935285885,17.54664400403611,62.78875440781325
2025-11-02,92.41913561566062,28.169614806676044,71,6.234002554217894,22.328473285263893,72.08048004638032
2025-11-03,72.00584364154105,28.02085035161176,72,0.8174580368753754,15.09999398880516,94.58636846159393
2025-11-04,83.11278473925637,27.08888100176432,73,4.014659034347322,18.252458103749486,78.00483084783734
2025-11-05,80.25992067474154,26.85045654460592,74,3.114689772505025,18.20072627737783,82.88700283143999
2025-11-06,94.55946542271516,19.57018708647061,75,10.868614618831632,22.028508777602713,50.66114221094168
2025-11-07,72.80097255420131,16.213789245768783,76,7.271100283660018,17.682489140869528,58.879656445797956
2025-11-08,79.94638997614354,21.04470268147742,77,5.868027086881646,18.238796943629527,67.82667680868481
2025-11-09,94.23676083188424,17.60286772479763,78,11.364510397448026,22.621247487240424,49.76178743520573
2025-11-10,91.6376781473495,25.424266333536927,79,5.136392151636734,21.957255739657626,76.60731280567202
2025-11-11,90.426801773732,20.191495898066783,80,7.961831695106457,21.61641538591075,63.16765960976185
2025-11-12,76.44757067612349,29.63415301289872,81,-2.4021451435423624,16.17554341447171,114.85047569649652
2025-11-13,74.27218968475165,24.61458116017998,82,0.1695802098714096,16.93939806119909,98.99890061465734
2025-11-14,86.71608049811077,27.33720845451541,83,1.080629321715319,20.4860566128491,94.72504961722339
2025-11-15,93.23439972818964,16.987870091127725,84,10.231529539934634,22.902866967339047,55.32642461520014
2025-11-16,83.91907232534824,27.93021723408934,85,-1.003455617383053,18.31137859530178,105.47995669556258
2025-11-17,84.2903172367475,28.841357857700917,86,-1.970006793242958,19.64247999905976,110.02931805626
2025-11-18,76.9994773415071,22.30592878228404,87,1.217641980202114,17.143334466456757,92.89728621590744
2025-11-19,89.23732332979841,24.093794066264664,88,2.430175870947877,20.007265343316487,87.85353305788145
2025-11-20,74.67609371393809,26.472147013544934,89,-3.499193728590453,17.527063424586117,119.96451797898986
2025-11-21,78.09198091010609,17.622579408906187,90,4.674217207559695,18.648931582951114,74.93573727390971
2025-11-22,80.63591096541042,22.538491146951635,91,0.4372348564434932,18.637901699599325,97.65405535724608
2025-11-23,82.69025946711137,20.979945416584695,92,2.3208899444070794,19.47602953374098,88.08335168938677
2025-11-24,76.060243310377,17.195609882433736,93,3.603449982798857,17.76534374194929,79.71640720753388
2025-11-25,72.87092061848008,20.51301633437297,94,-0.5669690368227874,17.366635525709246,103.26470280316218
2025-11-26,85.26550106104082,16.022584640782405,95,6.347304352916218,19.95621701825218,68.19384983080259
2025-11-27,77.2157638310064,15.387178604242305,96,4.8117862326716025,18.132411146098786,73.46306459796514
2025-11-28,84.53095553556531,17.02749433732234,97,4.957870961513688,19.81451917688487,74.97859565879641
2025-11-29,73.85906788185505,29.44672667383761,98,-10.115744659103411,16.749823828478792,160.3931406245848
2025-11-30,82.02850254637043,23.242943038425253,99,-2.236930831754373,18.685138449715737,111.97171130293874
2025-12-01,83.31473581378964,29.487332417298298,100,-8.803766032856045,17.809542431202857,149.43285919256175
2025-12-02,71.29558842056068,21.487468174951974,101,-3.9878964293215855,16.084137927833122,124.79397060143738
2025-12-03,78.41510695484801,19.67724199627889,102,-0.7919636826352704,18.133736765232065,104.36734961408345
2025-12-04,73.36036692347436,22.59212794260366,103,-5.239905922428891,16.632902353999167,131.50325668309492
2025-12-05,71.58437426181919,21.59267532949365,104,-4.916324049533894,16.34096151632483,130.08589209773504
2025-12-06,94.74900580974864,16.58497026392616,105,5.800911029386744,22.180193870629218,73.84643676596421
2025-12-07,78.05884612436807,24.61239472035309,106,-7.606121824592776,17.278090541135565,144.02177316112665
2025-12-08,90.24686114636587,18.240572737643998,107,2.392641286670831,20.9183758469035,88.5620121553318
2025-12-09,76.3660163690941,24.29381932346745,108,-8.131449889590558,16.25614241920754,150.02078402058535
2025-12-10,87.03756805559823,24.753016385972305,109,-6.368948022374612,20.75925015829427,130.68004852684876
2025-12-11,89.00569649724216,17.280372796929722,110,2.438813665484202,20.15486001096836,87.89962488374026
2025-12-12,84.8909685151961,15.92024440666002,111,2.497586477875107,19.82608045308175,87.40252021177042
2025-12-13,81.78940471375395,26.7114237910266,112,-11.14558667396518,18.09677213203928,161.58881038366266
2025-12-14,80.2960228536817,21.8970063565398,113,-6.109569394192473,18.659281200157505,132.74279072519099
2025-12-15,78.72170666357488,15.872456932582136,114,0.1828209292789657,17.731131239619437,98.9689268732586
2025-12-16,93.23822860619563,29.922994757546505,115,-13.560640171717695,21.738825829673043,162.3798188456329
2025-12-17,90.76548519469324,15.8667084149455,116,2.8177504909673217,21.659140470365788,86.9904787088731
2025-12-18,94.12567276666282,25.4255284328783,117,-8.653973386793561,22.17909778660437,139.018599719689
2025-12-19,73.10743058713862,29.755183878951204,118,-19.82881035723837,16.258231696685712,221.96166672468155
2025-12-20,88.27168688009111,18.587701563238884,119,-2.1101794782989063,20.570056543907604,110.25850110715372
2025-12-21,93.45851142052597,17.133740530307943,120,0.7741702082788795,22.92063383792231,96.62238743590935
2025-12-22,74.5308266541415,16.820774091336432,121,-3.7523284102846106,18.360213905264196,120.43728046767883
2025-12-23,71.66240668416944,19.54912721351393,122,-8.536237375434053,16.983398584842234,150.26224481978943
2025-12-24,88.52801623225147,16.5156871651597,123,-0.5062217211635032,19.940162921952254,102.53870403739882
2025-12-25,84.3618278294978,25.38242012541198,124,-13.889792600058689,19.95534205532753,169.60438243327678
2025-12-26,91.0457194189568,15.93437697195094,125,0.3775816459798544,21.651558697455307,98.25609947414902
2025-12-27,73.49430941565724,22.641331922246845,126,-13.582479778972928,16.730068697329266,181.1860370970335
2025-12-28,89.88168279649726,29.95045280779465,127,-20.34892679336156,20.127414739248906,201.10054896260817
2025-12-29,75.04068300119361,27.209554042590284,128,-20.816053164211223,17.681921380422533,217.72506344960232
2025-12-30,74.09139857164261,24.228291573465164,129,-17.043190605349626,17.19284335134369,199.12956372057934
2025-12-31,74.10664494827482,19.593804311799172,130,-10.39641423129599,17.73809213375675,158.6106676687677
2026-01-01,90.36436800578456,24.358437544374578,131,-14.029177493336402,21.263206840631238,165.97865316593948
2026-01-02,86.629930517405,22.90562195867477,132,-13.12681179595412,20.380012812799468,164.41022347007532
2026-01-03,83.07663561922799,21.39125075835557,133,-11.995194806289437,19.574245164886875,161.28049743551253
2026-01-04,78.97076210308757,16.960655651102993,134,-6.4876974232282985,18.33240442957994,135.3892335735305
2026-01-05,91.9300135203277,28.299063228607,135,-21.431379750577097,21.747606584311644,198.54592351342853
2026-01-06,79.81112768556588,21.74676973231984,136,-14.597757242339956,18.189467836694696,180.25389952800617
2026-01-07,90.41498598678945,17.919337677311475,137,-5.988460922446984,21.616695967160283,127.70294281579642
2026-01-08,80.97837271425546,20.516390263159344,138,-12.841312862640685,18.805490426286113,168.284913456398
2026-01-09,79.42361073562269,21.211946287933905,139,-14.808048536350734,18.13473103531105,181.65573841441173
2026-01-10,81.56699464174017,27.413068433503117,140,-25.009531511917185,18.142578027496732,237.8499322092646
2026-01-11,77.53444685410355,26.00421570842103,141,-24.23561123543341,18.14842105690768,233.5411557812012
2026-01-12,88.69023450440628,26.539573404620096,142,-22.81876918139782,20.310376958759644,212.35029870559018
2026-01-13,82.56800975231198,15.165468966429708,143,-5.239172554848413,19.73971519340976,126.5412773361469
2026-01-14,75.80531737867044,21.24230997269642,144,-17.713542466062936,16.577954109687106,206.84999095100807
2026-01-15,92.4893643318642,22.22016227452985,145,-15.534595967544552,22.671866536621575,168.51926347771905
2026-01-16,79.59728053433028,15.28788415234585,146,-7.0053690867241,18.509929702101193,137.8465461483026
2026-01-17,83.58882152784972,18.897198131175514,147,-12.933206243338038,19.477678282747807,166.40014305397744
2026-01-18,92.66180277411368,26.404347346832022,148,-24.27032144947285,22.160121479523326,209.52251083957015
2026-01-19,85.6059498978498,17.056645585934987,149,-9.720549639692544,19.849959687830363,148.97012282423944
2026-01-20,72.92245101770911,23.029651971788876,150,-24.115956586340385,16.629867182543254,245.01593020331183
2026-01-21,93.49580309033688,18.22802808025856,151,-10.42348282422435,22.89686359152492,145.52362721015865
2026-01-22,85.69270132678545,15.1818116196584,152,-6.8276974494776805,19.852580997079667,134.39198888286637
2026-01-23,78.37264036642715,18.61802186399312,153,-15.330556497346588,18.287590970201553,183.8303772340859
2026-01-24,73.48180181658468,29.63810632365081,154,-38.2099581920396,16.639289685551855,329.63695514729744
2026-01-25,89.85062973175741,27.02305667824484,155,-29.7029853125433,20.30054861593111,246.31617043705663
2026-01-26,85.50181889821283,29.3936496648155,156,-35.84283910718646,20.273750211655962,276.7943213909155
2026-01-27,83.33652729940803,22.31781065889544,157,-22.980797100411923,19.404618544691406,218.4295225772365
2026-01-28,92.34731457627394,16.64604298016255,158,-10.004765611729669,22.598722473547706,144.2713769481459
2026-01-29,89.71493028061327,23.219392334605395,159,-23.944624413263185,20.31860336259155,217.84581836637193
2026-01-30,73.79187199331878,21.815660018399413,160,-25.680816489279465,16.76229613154186,253.20583938948255
2026-01-31,77.7930516948887,27.66535624109424,161,-37.01843964110329,16.837822896694675,319.8528863750559
2026-02-01,76.21222849536164,16.471238711763668,162,-14.842782548484568,17.721754209607607,183.7545898274436
2026-02-02,88.59865731431692,22.32361705532667,163,-24.264621735408227,20.061462565859202,220.95140947849936
2026-02-03,70.83831086839449,17.250729970409765,164,-18.436938270170742,15.999794707452232,215.2323427098934
2026-02-04,84.24724212178292,19.8701389033509,165,-21.113946459556487,19.948751776972532,205.84094030348794
2026-02-05,89.06146714351726,26.060356160816998,166,-33.527320860026485,20.406772962566322,264.2950647881866
2026-02-06,91.91914091904374,22.1402719405315,167,-24.911496749211143,21.679602325414407,214.90753555017045
2026-02-07,78.55204371789769,20.63832427718654,168,-25.258585985737767,17.885338063701013,241.22509675677333
2026-02-08,90.53143261680032,20.91714417855053,169,-23.244213955724224,21.65326517047885,207.34738512976975
2026-02-09,72.76579342388018,21.8917015260898,170,-30.28636165998822,16.691117912512965,281.4519663616012
2026-02-10,91.16130729336297,26.77524815755585,171,-36.91476219862043,21.818332472422604,269.1914918121219
2026-02-11,73.18721655829955,28.381270334103515,172,-45.72505725968112,16.60466265943128,375.3748040386099
2026-02-12,79.93218226400919,29.330020297558924,173,-46.6893604461349,17.180806247419326,371.75302354130184
2026-02-13,89.93238414448884,26.803550793829427,174,-39.14605656073172,20.854176676313408,287.71326803419004
2026-02-14,73.74793568371935,19.73110343622019,175,-27.279869736306896,17.56326759480992,255.32343050087277
2026-02-15,75.73128488081603,25.32202059129813,176,-40.12210843347188,17.33960059638525,331.3900381409942
2026-02-16,88.05631420982665,21.56404686083088,177,-28.680715407974343,20.905201157207348,237.19416135867357
2026-02-17,88.00091341365186,18.820059330690768,178,-22.723350189099904,20.79549450461195,209.27054504070776
2026-02-18,86.02869082213243,27.61307369138884,179,-44.62934398507065,20.793649709344425,314.62968073860907
2026-02-19,87.3487111116775,15.576395234434877,180,-15.930878472436868,20.81123090619059,176.5494292204408
2026-02-20,83.5681110836899,28.52642988203135,181,-48.60855435904686,18.063361310977896,369.10027166153907
2026-02-21,76.29497647267382,21.92216196937101,182,-34.66301394391554,16.096271201625367,315.34809838700613
2026-02-22,78.64239983759799,24.55802215212421,183,-41.07718170927744,16.56249932472648,348.0131826961195
2026-02-23,74.53994292003564,24.890308833086745,184,-43.43860564059719,17.555053286671306,347.4421748043226
2026-02-24,92.71126403334073,28.426766110598045,185,-48.34668349167032,22.232138072585485,317.463040818763
2026-02-25,84.58479486915301,24.55004523250811,186,-41.12923879118,19.960168052099544,306.0565756952821
2026-02-26,80.021285419091,24.209003771400926,187,-41.9676493485196,17.824357101467818,335.4511251632386
2026-02-27,81.55014509110332,15.999780608410347,188,-20.785633429783303,18.96531051731042,209.59817088579382
2026-02-28,93.68208349029538,22.776120329178063,189,-35.717040350801746,22.138829845543434,261.3321056261319
2026-03-01,73.83378507790201,17.252535012255624,190,-26.67621074987946,18.368160916961585,245.23071128610394
2026-03-02,84.65574580041994,26.061506530822285,191,-47.68250958997363,20.242979804993286,335.55084305430125
2026-03-03,82.64721697211165,22.68332881219012,192,-39.90093943776579,19.174601826587814,308.0926623594264
2026-03-04,85.2863558858662,25.2034166881253,193,-46.14514731108931,19.838820814148974,332.60025252195817
2026-03-05,70.45275459552101,15.625093509035764,194,-24.65537473338552,16.358563529230185,250.71845819059996
2026-03-06,91.80309772360378,16.271880240687047,195,-21.444269266164223,21.8524077636741,198.1322950682426
2026-03-07,93.30295706209031,25.74485082094024,196,-47.24878349594604,22.287272704352066,311.99894721402904
2026-03-08,84.12832958973023,16.0812650399801,197,-23.4722470846916,19.866368877000042,218.1506657306973
2026-03-09,87.4162705969223,16.06885091647888,198,-22.80947611142276,20.81123090619059,209.60176365463212
2026-03-10,93.0624845294324,15.181627128523312,199,-19.291156195802717,22.52428222477124,185.64604191731857
2026-03-11,87.68096585783496,29.3475209744922,0,21.988598396778787,21.145508502303628,0.0
2026-03-12,73.81347607285653,26.062625391885103,1,18.290710821702195,18.079310403039244,0.0
2026-03-13,84.40720900417033,20.29877112753096,2,21.1655830547251,20.55610691029194,0.0
2026-03-14,85.16787615957139,19.44803371931483,3,21.217039145488737,20.84215708364573,0.0
2026-03-15,80.60326678255964,20.245548446187744,4,19.95192459414579,18.92179799746472,0.0
2026-03-16,88.41110589061807,26.619802967717728,5,21.819496874471408,21.071934399929518,0.0
2026-03-17,93.35917536922535,24.92055916605621,6,22.795914394646456,22.654341074421836,0.0
2026-03-18,93.1392128226694,17.77793351801202,7,22.996416550422325,22.81657987921613,0.0
2026-03-19,81.27098428510331,17.611640030011266,8,19.816302997480424,19.428231519192597,0.0
2026-03-20,72.83095114601888,16.47593474570096,9,17.627620519786436,17.636549895593234,0.05062994667130768
2026-03-21,94.62102997405836,24.90454079552007,10,22.715470844948552,22.27080109997442,0.0
2026-03-22,90.97245216114835,26.46558993332604,11,21.88884112947934,21.916470806701113,0.12606809492943918
2026-03-23,73.11656703008167,18.97569642487506,12,17.427410530545856,17.384271492340538,0.0
2026-03-24,93.02104706543432,15.314174415463691,13,22.69082600309764,22.575080109764176,0.0
2026-03-25,91.7474090515532,16.23257501214641,14,22.03295783777524,21.87055003960623,0.0
2026-03-26,82.9709514281518,29.517900522675458,15,18.85716700418872,18.173434098420742,0.0
2026-03-27,84.78188589362323,19.431671662161303,16,19.840192043032616,19.632031920896033,0.0
2026-03-28,79.97506759675326,26.538347217572003,17,18.257201113163788,17.999202621294124,0.0
2026-03-29,71.36904097055078,24.36995353281396,18,15.965597209616618,16.073955150589587,0.6741212101054926
2026-03-30,78.37993104114753,20.72909459479344,19,17.823389488571625,17.92792160243197,0.5830687805225792
2026-03-31,90.07133621495029,18.085308932933327,20,20.916236669597925,20.91349974738474,0.0
2026-04-01,70.11580057511507,16.820796272391096,21,15.960394401874597,16.235827996428917,1.6964554848382347
2026-04-02,78.3374792922786,24.225194520583,22,17.19633255304902,17.119857619839312,0.0
2026-04-03,79.95421733977358,26.61950670956682,23,17.197162861438862,17.734193058362884,3.0282189618476902
2026-04-04,83.43489007344807,24.65856380311696,24,17.92350249662313,18.505912933564673,3.1471586353635663
2026-04-05,92.996390410319,22.954531998737373,25,20.247176334129374,21.159811110687706,4.313057294246659
2026-04-06,78.65864985914904,15.629268351474543,26,17.551273396683914,17.758279991615836,1.1656905681724559
2026-04-07,78.67383004740569,29.52733166391576,27,15.551915631548722,15.986262197418169,2.7169988863287586
2026-04-08,88.43753120274371,26.980712874818614,28,18.015488546192383,19.66358664855711,8.381472474075133
2026-04-09,81.30544852224517,19.392330550514476,29,17.20215105481224,17.800551850873504,3.361698002817246
2026-04-10,75.61512057349955,29.69955494038276,30,14.058024074916386,16.346942775591614,14.002120959846511
2026-04-11,81.31098790331734,24.028223844544836,31,16.175593599535752,18.100439289320647,10.634248478823187
2026-04-12,73.521425509495,23.736339873108697,32,14.086899594400018,17.0699983776287,17.475682874921766
2026-04-13,74.40967466265559,26.22109769144298,33,13.555820766660789,17.64276837089405,23.16500176341744
2026-04-14,82.459194318487,27.176546821352066,34,15.203943843968467,18.164178609194334,16.29710227429418
2026-04-15,80.4731362376137,24.84717910997254,35,14.880934454991868,18.047918932488297,17.547643522464515
2026-04-16,92.8711475267025,16.921436195493,36,19.651776504561614,22.218334246692393,11.55153088271169
2026-04-17,79.05984747791582,20.07401258991748,37,15.350585093207997,18.06074603727546,15.005808389498307
2026-04-18,84.51470875695108,28.92125460489075,38,14.16932010196082,19.713518573259083,28.12384025051133
2026-04-19,85.80660719798826,18.36923417765778,39,16.884783317286036,19.851341201493145,14.943866281357229
2026-04-20,70.32736141470834,20.5825053575627,40,12.225179677566755,17.018151471439207,28.16388020706173
2026-04-21,86.58843430041776,21.48115324416294,41,15.942699969249684,20.818693697525365,23.421228051668155
2026-04-22,74.45089917174379,21.591074845416784,42,12.727482382088274,16.61209966035192,23.384264227206973
2026-04-23,94.02675793673636,24.19409373741788,43,16.539719821838574,22.80575660910197,27.475680349769966
2026-04-24,73.71656819382783,29.146137566170616,44,9.830277456378242,16.957303358863154,42.02924103943565
2026-04-25,80.3656030931756,18.61039067748757,45,14.37310171932252,18.84992093803318,23.749803691101185
2026-04-26,72.1337417019661,16.82252064451377,46,12.805751395116062,17.254461245310996,25.782954257142617
2026-04-27,94.92185629614868,17.96205734789906,47,17.949740436520592,22.14793914573236,18.95525665655763
2026-04-28,82.55487525828107,28.303873503139044,48,11.15398564321619,17.497161926134975,36.25260090577419
2026-04-29,84.88462543300109,24.68716218982809,49,12.77114181435318,19.532301444254312,34.61527382831795
2026-04-30,71.67691193471069,19.288601838587404,50,11.045009395382714,16.969578555258668,34.91288331400547
2026-05-01,88.74901175997945,27.23920408452926,51,12.239219281535233,19.839286639563266,38.308168514850074
2026-05-02,75.24763982738965,27.92054994545154,52,8.509681821259468,15.42525054958848,44.83278055093574
2026-05-03,92.45135723601784,27.69771508035417,53,12.559837712434586,22.3640043113718,43.83904806328411
2026-05-04,75.12849101205018,28.78389800459332,54,7.230214836349685,16.74589899843119,56.82396724698366
2026-05-05,74.76719301659166,18.783615302600424,55,11.11310542952256,17.69296531906053,37.1891300914354
2026-05-06,70.91374169620237,26.32562893119417,56,6.777408876890035,16.738296007618015,59.509564929396234
2026-05-07,81.80167362774998,21.9080924591121,57,10.907651239104936,18.953386769751315,42.45012054250369
2026-05-08,84.12102833156541,27.629978293350923,58,8.907563402344719,19.813985416979705,55.044059966293645
2026-05-09,71.6427159857088,25.9273601574242,59,6.314514086895705,17.240369201510802,63.37367249454058
2026-05-10,89.38819041737526,26.646711697495867,60,9.850520647448349,20.629283073765347,52.24981589410906
2026-05-11,81.33222086870069,24.84242756521607,61,8.405745662835981,17.941097380226005,53.148096324918924
2026-05-12,83.1097567331895,17.6614315420456,62,12.257097766221692,19.734226824293344,37.88914115888804
2026-05-13,81.0190686734557,23.175403783454072,63,8.693125614931287,18.448037857598713,52.87777658505507
2026-05-14,80.01907652188315,29.770046092867624,64,4.817653158446516,17.403522193469502,72.31794170806245
2026-05-15,83.99100828270545,29.060820997456783,65,5.802582090503305,19.16652907050045,69.72544131929362
2026-05-16,73.88100614826782,15.647606036955176,66,10.119285471760506,18.04996490715821,43.93736761367649
2026-05-17,74.54820326238178,17.472222235941558,67,8.922311321212046,18.346902405869656,51.36884077849804
2026-05-18,91.54464052533794,16.975931601818427,68,13.471767866088715,21.91645635007957,38.53126777933786
2026-05-19,93.65288655334082,25.889698649779437,69,8.691317423624898,22.413308090175132,61.222513924953645
2026-05-20,79.33273290699383,27.26677994785417,70,3.841126768072324,18.33173821208384,79.04657636044384
2026-05-21,76.76861682858885,18.20267049466008,71,8.29793813412116,17.98359886335978,53.85830057059613
2026-05-22,86.09998858097539,22.587790394277437,72,7.5720958825090365,20.369140874792123,62.825649206050215
2026-05-23,80.2183542774524,27.610545420168,73,2.884977990912096,18.376290593487013,84.30054217832951
2026-05-24,70.63465889150862,25.99202317149376,74,1.1700744794909022,16.949921689523215,93.09687383267305
2026-05-25,73.90381493415475,23.133558082377725,75,3.4440478973923065,16.996217357933304,79.7363858977437
2026-05-26,87.89930572118493,23.855215356881597,76,6.281925867692226,20.864201352110154,69.89136674020409
2026-05-27,86.47309854775378,22.6254082037442,77,6.29750626850945,20.407716265195404,69.14154339136118
2026-05-28,70.67739981258708,19.46322676978231,78,4.31803451334555,16.868130518399788,74.40122656962235
2026-05-29,75.54930404832373,23.47532989288524,79,2.3017491864235566,16.72730099863372,86.2395661642511
2026-05-30,75.77686991470179,25.33327953075136,80,0.8148430239835378,17.34759862064155,95.30284829732011
2026-05-31,86.79731858996821,28.09984373791212,81,1.197108136763836,20.7417066853845,94.22849741864601
2026-06-01,70.4927634438591,24.544370309688723,82,-0.5794938892694467,16.64076980289009,103.48237428997307
2026-06-02,72.60271454961435,26.41682305564737,83,-1.8617771365798497,17.780944587711588,110.47063122769374
2026-06-03,89.99790213432973,17.401074524318595,84,9.089715755563985,20.9300637711871,56.5710078338264
2026-06-04,74.46361655135834,21.92336211629685,85,1.5180188617987302,16.745935100336954,90.93500092587732
2026-06-05,86.31865269629687,15.1399742974064,86,9.461385023095245,20.5438891063137,53.94550187584735
2026-06-06,75.95456952616816,18.700182967824347,87,3.653123214906036,17.608277778811175,79.25337582246685
2026-06-07,72.48603481898363,25.896925726695077,88,-3.0817862512998104,17.788286401308188,117.32480679574155
2026-06-08,76.07930477498635,29.87714927024045,89,-5.927609560447118,16.11789942514547,136.7765637698389
2026-06-09,88.05667329639148,16.48767149380824,90,7.80752134165981,20.752245245501435,62.377462056293474
2026-06-10,91.39241170265714,21.022414737919323,91,4.667837676667411,21.56744442500266,78.3570200312834
2026-06-11,90.7554966141748,27.00106453048739,92,-1.1880537081609173,21.66079142633982,105.4848120956293
2026-06-12,79.92958824046137,18.06053451943348,93,3.8109834476569455,18.787352283023246,79.71516480743989
2026-06-13,86.70212841426616,23.326274239534293,94,0.446232277910648,20.460891742641188,97.81909662822424
2026-06-14,75.12460738539552,25.99606944044512,95,-5.313231481574957,17.543856972899185,130.2854240648596
2026-06-15,77.32869325652533,24.239781753902683,96,-3.5462404134464918,17.299554496911757,120.49902738292799
2026-06-16,92.408395463028,17.820371019231242,97,6.008545646590662,23.0132145792211,73.89088940223132
2026-06-17,70.3250480877684,20.330768530286093,98,-2.23426250165914,17.041395834433512,113.11079516822579
2026-06-18,72.1377132713617,26.75687676728096,99,-8.405282580240613,17.69227397123466,147.50820948119227
2026-06-19,75.19715637865069,23.31339771198025,100,-4.5208264463225145,16.694728572874975,127.0793647622867
2026-06-20,70.66330509684549,15.078444203143691,101,2.289064906338153,16.31409742653614,85.96879222619566
2026-06-21,74.53588587724494,26.414861400421408,102,-8.509079686407498,17.567182910324323,148.4373603317278
2026-06-22,84.5760390242423,15.529670324103586,103,5.05901353501551,20.001773615730112,74.7071753125087
2026-06-23,80.53561376481245,26.18600674096848,104,-7.69687742883015,18.14739579461666,142.41312371174155
2026-06-24,92.31679277692436,18.03720840247856,105,3.696368066451815,21.66652102519283,82.93972501559503
2026-06-25,90.43608904346102,29.371102201790706,106,-9.394773768997648,20.558164469003064,145.69850476273203
2026-06-26,78.5454337924469,20.519111269531265,107,-3.02733442460298,17.917328678943942,116.89612597306784
2026-06-27,76.48558583578232,19.903974245071183,108,-3.2106101571864967,17.489213478348532,118.35765891451437
2026-06-28,79.49231020418168,17.23332075498667,109,0.335940350402455,18.964139424169023,98.22854945912117
2026-06-29,84.7573735628702,19.584063232353223,110,-1.3563643953517626,19.80990822417543,106.84689893563714
2026-06-30,76.70159102057191,28.14976142742301,111,-13.868319985435726,16.39317460273886,184.59813502577288
2026-07-01,85.60372269622835,29.945015064408707,112,-14.005877883699684,20.1335361475001,169.56491786187664
2026-07-02,80.23529130478101,20.52464295760273,113,-4.50678214555875,18.650200868344204,124.16479145384598
2026-07-03,83.8011795212995,21.729159464318137,114,-5.574482428551616,19.86011656260696,128.06872966217816
2026-07-04,80.90316322838292,25.831064073041052,115,-11.626255102082911,18.100777130103225,164.23069583430978
2026-07-05,77.36164398854794,28.29293670697612,116,-15.9392695779968,16.530291688363537,196.42461172791775
2026-07-06,93.71133267405392,23.895665012801764,117,-6.834221171648089,22.825804141023287,129.94076848037702
2026-07-07,89.09014485399402,20.87288547266744,118,-4.375199608415591,19.957055634313246,121.9230716624003
2026-07-08,73.50282939416131,21.18932761272936,119,-8.894550106763665,16.69613682629993,153.2731026302616
2026-07-09,91.71169939744782,25.434272197452103,120,-10.584892832951969,21.957512163999144,148.2062482939512
2026-07-10,82.18577995623784,15.04827395406418,121,0.3790878958846569,19.012194433879948,98.00608027020218
2026-07-11,92.36380567235229,24.29384006189761,122,-9.615443267602297,22.263556204197606,143.189161602985
2026-07-12,89.99638139868289,20.33239515662036,123,-5.1649004017272,20.943960518063072,124.66057170644848
2026-07-13,80.63033761173084,26.91295996915626,124,-17.02706704925749,18.306194915393565,193.01259561559425
2026-07-14,70.56173270800294,16.394859597346983,125,-5.12675359493759,16.068659884006085,131.90529659564513
2026-07-15,76.71693398462365,23.823034004225857,126,-14.648651661267673,16.771710020164267,187.3414317541617
2026-07-16,83.54085536652167,22.214593348291857,127,-10.839404920438447,19.51516778996116,155.54348820928084
2026-07-17,85.83695549565368,24.63488288857841,128,-14.27646834838696,19.811907536899035,172.0600392556724
2026-07-18,76.44719213583005,15.972803917244525,129,-4.118951259061335,17.741545292481465,123.21641768604492
2026-07-19,73.4839018518206,23.69975681142197,130,-16.55821738810004,17.046994588679826,197.1327661422245
2026-07-20,90.87325591998248,23.42226881939285,131,-12.476847374755518,21.837695116050735,157.1344517287679
2026-07-21,94.6100545175888,23.40990141624256,132,-11.905068426203226,22.422617545805544,153.0940172434517
2026-07-22,83.14225455756714,24.052314998946823,133,-16.020659732098668,18.786947416727056,185.27548077254207
2026-07-23,74.29198214620759,25.147019058395436,134,-20.47282155074701,17.669931893978337,215.86248138128846
2026-07-24,76.80768316298422,27.074834995211543,135,-23.271076271343244,18.0099259652341,229.21250379521342
2026-07-25,70.45976691368666,19.047310801923217,136,-12.591914648837472,16.92586605485245,174.39450724725262
2026-07-26,92.85747016401248,27.37574115270093,137,-20.875802173165244,21.58613082313695,196.709328523061
2026-07-27,72.94377707225352,22.473835233951803,138,-18.198514028993404,16.596412265082748,209.65330179993975
2026-07-28,84.41291188785634,16.155874187014966,139,-5.441762511101258,20.03822414568644,127.15691007115862
2026-07-29,76.85138051718015,15.878263938659687,140,-7.138848510847733,17.835307805377646,140.0264945732826
2026-07-30,83.85445006289484,20.013574780440912,141,-12.400396983102702,19.805822514853887,162.609856136006
2026-07-31,86.28550970879661,26.773454656672016,142,-23.85831301072977,20.92316728447187,214.02820943096995
2026-08-01,90.74354509268004,25.615214021113736,143,-21.035610588595155,21.958687079254933,195.7963038166711
2026-08-02,75.16053179401509,26.829224470086096,144,-27.598663228838188,17.652414209926174,256.34497865634216
2026-08-03,70.27489571646201,22.75903584662414,145,-22.197239074775148,16.717068963638212,232.78188373247139
2026-08-04,73.42214075172018,21.60298496933236,146,-19.675787262956835,16.525751747805785,219.06137501774646
2026-08-05,92.50046604620265,17.21178790059426,147,-7.517108534775894,23.04739909893191,132.6158648206177
2026-08-06,91.84725193906289,19.922891304139675,148,-12.85224586463974,21.835954441551088,158.85818226559186
2026-08-07,84.93532755425771,21.510290492608128,149,-17.79176666946503,20.620686389575564,186.2811563753734
2026-08-08,85.01292151084134,16.32900644519426,150,-8.778200808615807,20.366101551142098,143.10201825603457
2026-08-09,86.62591686365639,18.30917929066817,151,-12.377775693020622,20.716257769540693,159.74909093484914
2026-08-10,74.38428196558624,23.973379410956085,152,-26.438122626032516,16.998709668172186,255.53017341977653
2026-08-11,92.860298648124,26.03494671358785,153,-26.13874577413648,21.555739322962022,221.26118887646996
2026-08-12,80.46926312230183,29.975212670894244,154,-36.87309621099866,17.731939861286577,307.94733401674904
2026-08-13,79.57846320623744,28.996699970153365,155,-35.93684675208586,17.89101263338315,300.86535898493906
2026-08-14,82.97294263207094,24.638477993027877,156,-27.39845245261619,18.430044512798148,248.6618897398225
2026-08-15,71.17414916937638,21.31872079941108,157,-24.27698904204932,16.14324827337351,250.38478397245188
2026-08-16,74.15708421890199,24.54266047062349,158,-30.15498278292568,17.096534155123955,276.38067756492046
2026-08-17,88.45084041065925,26.78477427120348,159,-31.5337246764181,20.23418789779897,255.8437869396689
2026-08-18,72.06996669812816,16.77504286385081,160,-15.877919651838564,17.004945034929836,193.37236679815047
2026-08-19,85.07880273665971,21.148573345444323,161,-21.959390250122667,20.54879703207755,206.86460241854115
2026-08-20,76.13372774203302,27.59703428453426,162,-37.88208353319601,15.860032313022632,338.8524990714623
2026-08-21,79.73239035104942,20.757494278995654,163,-23.231387697967627,18.35330344333578,226.5787805976865
2026-08-22,77.2173434192675,23.5780840684078,164,-30.206350559727408,17.261011326177577,274.9975710514556
2026-08-23,78.89181791162373,23.816540412932973,165,-30.97726069521353,17.02652476339558,281.93531049747685
2026-08-24,87.97614762960615,17.76714379700459,166,-16.028606427895806,20.648067650737026,177.62763421265558
2026-08-25,77.42804289057938,20.43353162478433,167,-24.826053553339555,18.37107383252201,235.1366489496678
2026-08-26,84.16011600742243,20.01766933112898,168,-22.531502828283735,19.941387541348913,212.9886412445682
2026-08-27,81.90126005497748,15.392950627980971,169,-13.044471615669485,18.93263487616144,168.8993988475112
2026-08-28,86.5917791340662,15.362876458370328,170,-12.367565443737272,20.742547260609605,159.62414012296097
2026-08-29,93.42074348311895,27.4754556551366,171,-38.11444996224444,22.468163428355698,269.63758557204784
2026-08-30,88.31430243025626,19.096062149592186,172,-20.905355481395382,20.571461858060943,201.62309137599573
2026-08-31,75.37350946476892,22.771181493582237,173,-32.923260424058604,16.625954330649858,298.0232819680296
2026-09-01,70.77957837653211,19.4808836038316,174,-26.97596358360518,16.734046934579652,261.204063123914
2026-09-02,76.55660110749562,29.110188676730107,175,-48.191194538501286,16.40513547408531,393.75676058650924
2026-09-03,84.87694826750638,18.889451382986607,176,-22.68016138069109,19.449027519319067,216.61334407677958
2026-09-04,71.28564533710626,21.444852191084024,177,-32.79069827714848,16.09882941758738,303.6837426286774
2026-09-05,82.4091561800309,28.090953757269027,178,-46.061199899440695,17.30648082637798,366.1500068184613
2026-09-06,84.92107122292222,27.62900350187713,179,-45.02987668734848,20.557888889572855,319.03940102618236
2026-09-07,78.35609727042402,17.791521267694158,180,-23.32111947367293,18.5330396539057,225.83537244392704
2026-09-08,89.27280509364554,27.039649646935658,181,-43.61807918705478,19.82764449405811,319.9861874673319
2026-09-09,72.66495632834429,21.87280330106839,182,-35.58010293673191,16.730312824637593,312.66848569822025
2026-09-10,71.87844454339522,22.244533081280327,183,-37.12797711440977,16.58167094920158,323.90974485112133
2026-09-11,88.20471890509009,17.002199586239158,184,-20.286984917874392,20.647238714182418,198.25519624539157
2026-09-12,82.38728290515496,16.20902270635687,185,-20.097644527765198,19.357388313075436,203.82415335538698
2026-09-13,87.2100599106934,25.91908960460648,186,-44.07105790131424,21.036475047229477,309.4983014139455
2026-09-14,80.87068346509366,22.446917285329494,187,-37.17779046759691,18.690328490681946,298.91459096683013
2026-09-15,76.16005083097767,21.55276053922769,188,-36.5880592879595,16.022578961256755,328.35312203129666
2026-09-16,90.477557941855,25.94262342978595,189,-44.91370918668113,22.162486634169124,302.6564524462485
2026-09-17,89.98539697422449,26.482693484866644,190,-46.88271269707845,21.412421399005392,318.95100896555374
2026-09-18,87.36741177136066,17.383622515040305,191,-24.07606594472116,20.794636838137375,215.78017030124636
2026-09-19,76.80362843074907,24.15337724216462,192,-44.81479163646968,16.91397886584126,364.9571221055248
2026-09-20,84.75576667172717,17.030311234165282,193,-24.43014282363516,19.55909389828984,224.9042667859538
2026-09-21,79.02434742350067,26.27062629043569,194,-51.367726646250205,17.81106913265744,388.4033870379237
2026-09-22,72.28955183316586,24.854327344007093,195,-49.66308910796004,17.24637855884761,387.9624202756598
2026-09-23,92.93283938655608,29.34921931625187,196,-57.198909627613176,21.134173572595728,370.6465404532396
2026-09-24,73.42046577297404,16.034370245346317,197,-25.77150213539484,17.655751047538818,245.96661487808723
2026-09-25,93.75593384552006,15.855820817268814,198,-20.895627626518696,22.83695087480778,191.49920118963593
2026-09-26,81.1501443239489,19.232806120398003,199,-33.89156785714947,18.11879068230252,287.0520414491733
